{
  "b22ee2f40e3d631515b899764de3d432" : {
    "statistic" : {
      "failed" : 1,
      "broken" : 0,
      "skipped" : 0,
      "passed" : 0,
      "unknown" : 0,
      "total" : 1
    },
    "items" : [ {
      "uid" : "fb257992aff6712b",
      "status" : "failed",
      "statusDetails" : "AssertionError: assert 400 == 200\n  +400\n  -200",
      "time" : {
        "start" : 1618556118837,
        "stop" : 1618556118968,
        "duration" : 131
      }
    } ]
  },
  "b15e1ca84457c829d7d7a0a5585ade42" : {
    "statistic" : {
      "failed" : 0,
      "broken" : 0,
      "skipped" : 0,
      "passed" : 1,
      "unknown" : 0,
      "total" : 1
    },
    "items" : [ {
      "uid" : "9a87cd5e8c8b0456",
      "status" : "passed",
      "time" : {
        "start" : 1618556106107,
        "stop" : 1618556106206,
        "duration" : 99
      }
    } ]
  },
  "243526752c257d62209f0f50fe1764ff" : {
    "statistic" : {
      "failed" : 0,
      "broken" : 0,
      "skipped" : 0,
      "passed" : 1,
      "unknown" : 0,
      "total" : 1
    },
    "items" : [ {
      "uid" : "d369738ab3fe1829",
      "status" : "passed",
      "time" : {
        "start" : 1618556117802,
        "stop" : 1618556117901,
        "duration" : 99
      }
    } ]
  },
  "3a8807f23e69a475a40f8c9d03fe5f50" : {
    "statistic" : {
      "failed" : 0,
      "broken" : 0,
      "skipped" : 0,
      "passed" : 1,
      "unknown" : 0,
      "total" : 1
    },
    "items" : [ {
      "uid" : "1a42334f636ae97f",
      "status" : "passed",
      "time" : {
        "start" : 1618556103046,
        "stop" : 1618556103153,
        "duration" : 107
      }
    } ]
  },
  "83d5e9ce62ec99d38968f0e844510b9a" : {
    "statistic" : {
      "failed" : 0,
      "broken" : 0,
      "skipped" : 0,
      "passed" : 1,
      "unknown" : 0,
      "total" : 1
    },
    "items" : [ {
      "uid" : "e21fbd49faac6b3a",
      "status" : "passed",
      "time" : {
        "start" : 1618556102686,
        "stop" : 1618556102792,
        "duration" : 106
      }
    } ]
  },
  "f741f6c7ee726df78219cc352999b87e" : {
    "statistic" : {
      "failed" : 0,
      "broken" : 0,
      "skipped" : 0,
      "passed" : 1,
      "unknown" : 0,
      "total" : 1
    },
    "items" : [ {
      "uid" : "8f24f92c8ae39815",
      "status" : "passed",
      "time" : {
        "start" : 1618556108130,
        "stop" : 1618556108236,
        "duration" : 106
      }
    } ]
  },
  "604abfaca489dc0fc36aa789edfe332f" : {
    "statistic" : {
      "failed" : 0,
      "broken" : 0,
      "skipped" : 0,
      "passed" : 1,
      "unknown" : 0,
      "total" : 1
    },
    "items" : [ {
      "uid" : "d7fa225c418dc74",
      "status" : "passed",
      "time" : {
        "start" : 1618556106781,
        "stop" : 1618556106883,
        "duration" : 102
      }
    } ]
  },
  "6b67bacf98300995c4350597eb92fa62" : {
    "statistic" : {
      "failed" : 1,
      "broken" : 0,
      "skipped" : 0,
      "passed" : 0,
      "unknown" : 0,
      "total" : 1
    },
    "items" : [ {
      "uid" : "a2aab3b45ffa78aa",
      "status" : "failed",
      "statusDetails" : "AssertionError: assert 403 == 400\n  +403\n  -400",
      "time" : {
        "start" : 1618556122467,
        "stop" : 1618556122582,
        "duration" : 115
      }
    } ]
  },
  "5158c629755c99fab2ac22356552df86" : {
    "statistic" : {
      "failed" : 0,
      "broken" : 0,
      "skipped" : 0,
      "passed" : 1,
      "unknown" : 0,
      "total" : 1
    },
    "items" : [ {
      "uid" : "3de00e3b82556fde",
      "status" : "passed",
      "time" : {
        "start" : 1618556113684,
        "stop" : 1618556113773,
        "duration" : 89
      }
    } ]
  },
  "f48a20c9a8a82dc3a72fcfdb0858d33d" : {
    "statistic" : {
      "failed" : 0,
      "broken" : 0,
      "skipped" : 0,
      "passed" : 1,
      "unknown" : 0,
      "total" : 1
    },
    "items" : [ {
      "uid" : "a7d6d8400becd6a",
      "status" : "passed",
      "time" : {
        "start" : 1618556103765,
        "stop" : 1618556103870,
        "duration" : 105
      }
    } ]
  },
  "e358ac591528995d105d34f9762f8b63" : {
    "statistic" : {
      "failed" : 0,
      "broken" : 0,
      "skipped" : 0,
      "passed" : 1,
      "unknown" : 0,
      "total" : 1
    },
    "items" : [ {
      "uid" : "e80c1c0619239ad3",
      "status" : "passed",
      "time" : {
        "start" : 1618556113782,
        "stop" : 1618556113878,
        "duration" : 96
      }
    } ]
  },
  "17f5a6ee8987f4862aea304998b74192" : {
    "statistic" : {
      "failed" : 0,
      "broken" : 0,
      "skipped" : 0,
      "passed" : 1,
      "unknown" : 0,
      "total" : 1
    },
    "items" : [ {
      "uid" : "a5dc2e23a035b277",
      "status" : "passed",
      "time" : {
        "start" : 1618556105452,
        "stop" : 1618556105552,
        "duration" : 100
      }
    } ]
  },
  "6f3afce1cf63a8a2bb506a5cb98386c4" : {
    "statistic" : {
      "failed" : 0,
      "broken" : 0,
      "skipped" : 0,
      "passed" : 1,
      "unknown" : 0,
      "total" : 1
    },
    "items" : [ {
      "uid" : "d5b7df2da6f022c9",
      "status" : "passed",
      "time" : {
        "start" : 1618556109702,
        "stop" : 1618556109858,
        "duration" : 156
      }
    } ]
  },
  "d6b549cae2c4958cc0e7fe80cb9e22ca" : {
    "statistic" : {
      "failed" : 0,
      "broken" : 0,
      "skipped" : 0,
      "passed" : 1,
      "unknown" : 0,
      "total" : 1
    },
    "items" : [ {
      "uid" : "a8c90128846ebcb4",
      "status" : "passed",
      "time" : {
        "start" : 1618556105999,
        "stop" : 1618556106097,
        "duration" : 98
      }
    } ]
  },
  "ee130f035418f921bf624362f4db4ae2" : {
    "statistic" : {
      "failed" : 0,
      "broken" : 0,
      "skipped" : 0,
      "passed" : 1,
      "unknown" : 0,
      "total" : 1
    },
    "items" : [ {
      "uid" : "15adb4426d5d615b",
      "status" : "passed",
      "time" : {
        "start" : 1618556120596,
        "stop" : 1618556120694,
        "duration" : 98
      }
    } ]
  },
  "d95005ed04c41ed5815b9ae3281eb9fd" : {
    "statistic" : {
      "failed" : 0,
      "broken" : 0,
      "skipped" : 0,
      "passed" : 1,
      "unknown" : 0,
      "total" : 1
    },
    "items" : [ {
      "uid" : "ea94886159ca7c3a",
      "status" : "passed",
      "time" : {
        "start" : 1618556118315,
        "stop" : 1618556118435,
        "duration" : 120
      }
    } ]
  },
  "88da0535567490b530959797f5ec9953" : {
    "statistic" : {
      "failed" : 0,
      "broken" : 0,
      "skipped" : 0,
      "passed" : 1,
      "unknown" : 0,
      "total" : 1
    },
    "items" : [ {
      "uid" : "add3b18db7f18604",
      "status" : "passed",
      "time" : {
        "start" : 1618556112729,
        "stop" : 1618556112823,
        "duration" : 94
      }
    } ]
  },
  "635b7bdbf0a57d3894949c670fa15470" : {
    "statistic" : {
      "failed" : 0,
      "broken" : 0,
      "skipped" : 0,
      "passed" : 1,
      "unknown" : 0,
      "total" : 1
    },
    "items" : [ {
      "uid" : "7a3d2d4fc1aa2d48",
      "status" : "passed",
      "time" : {
        "start" : 1618556108246,
        "stop" : 1618556108342,
        "duration" : 96
      }
    } ]
  },
  "cf764eefcf222822818d12e4e367471f" : {
    "statistic" : {
      "failed" : 0,
      "broken" : 0,
      "skipped" : 0,
      "passed" : 1,
      "unknown" : 0,
      "total" : 1
    },
    "items" : [ {
      "uid" : "ca1712d0ea6723cd",
      "status" : "passed",
      "time" : {
        "start" : 1618556119373,
        "stop" : 1618556119478,
        "duration" : 105
      }
    } ]
  },
  "ab10462c3f0d4f0e7d7ad6be758ca4d8" : {
    "statistic" : {
      "failed" : 0,
      "broken" : 0,
      "skipped" : 0,
      "passed" : 1,
      "unknown" : 0,
      "total" : 1
    },
    "items" : [ {
      "uid" : "b04eb6c6d4102079",
      "status" : "passed",
      "time" : {
        "start" : 1618556122694,
        "stop" : 1618556122789,
        "duration" : 95
      }
    } ]
  },
  "b2013575bdccbb7e41a9fd2e0b2a1f5b" : {
    "statistic" : {
      "failed" : 0,
      "broken" : 0,
      "skipped" : 0,
      "passed" : 1,
      "unknown" : 0,
      "total" : 1
    },
    "items" : [ {
      "uid" : "b76ae36fb6aefd49",
      "status" : "passed",
      "time" : {
        "start" : 1618556107903,
        "stop" : 1618556108008,
        "duration" : 105
      }
    } ]
  },
  "16830c9d07163210ff1613778d04fbd7" : {
    "statistic" : {
      "failed" : 0,
      "broken" : 0,
      "skipped" : 0,
      "passed" : 1,
      "unknown" : 0,
      "total" : 1
    },
    "items" : [ {
      "uid" : "d25b00a0cd53f7af",
      "status" : "passed",
      "time" : {
        "start" : 1618556104425,
        "stop" : 1618556104530,
        "duration" : 105
      }
    } ]
  },
  "1b920d7bcf7ffd1f056a97c9c966b5dc" : {
    "statistic" : {
      "failed" : 0,
      "broken" : 0,
      "skipped" : 0,
      "passed" : 1,
      "unknown" : 0,
      "total" : 1
    },
    "items" : [ {
      "uid" : "de2a1a3ece2d4fbf",
      "status" : "passed",
      "time" : {
        "start" : 1618556107435,
        "stop" : 1618556107538,
        "duration" : 103
      }
    } ]
  },
  "5f177d1cf5a5ccf39087ef131a093f08" : {
    "statistic" : {
      "failed" : 0,
      "broken" : 0,
      "skipped" : 0,
      "passed" : 1,
      "unknown" : 0,
      "total" : 1
    },
    "items" : [ {
      "uid" : "a1975822404e7c0e",
      "status" : "passed",
      "time" : {
        "start" : 1618556104648,
        "stop" : 1618556104771,
        "duration" : 123
      }
    } ]
  },
  "f5241c568d22c31bad730609902ea5f6" : {
    "statistic" : {
      "failed" : 0,
      "broken" : 0,
      "skipped" : 0,
      "passed" : 1,
      "unknown" : 0,
      "total" : 1
    },
    "items" : [ {
      "uid" : "efba2f46a1d9a5d2",
      "status" : "passed",
      "time" : {
        "start" : 1618556104097,
        "stop" : 1618556104193,
        "duration" : 96
      }
    } ]
  },
  "3070b51b3c21f69f16918b2d6d94b56b" : {
    "statistic" : {
      "failed" : 0,
      "broken" : 0,
      "skipped" : 0,
      "passed" : 1,
      "unknown" : 0,
      "total" : 1
    },
    "items" : [ {
      "uid" : "7c99d95a9bfd4956",
      "status" : "passed",
      "time" : {
        "start" : 1618556114356,
        "stop" : 1618556114624,
        "duration" : 268
      }
    } ]
  },
  "7a74907aad01c254cc8c24e0299525ff" : {
    "statistic" : {
      "failed" : 0,
      "broken" : 0,
      "skipped" : 0,
      "passed" : 1,
      "unknown" : 0,
      "total" : 1
    },
    "items" : [ {
      "uid" : "87ab94de023368ef",
      "status" : "passed",
      "time" : {
        "start" : 1618556101818,
        "stop" : 1618556101939,
        "duration" : 121
      }
    } ]
  },
  "3a1c1642cad5f0aa46d48491e119c9cc" : {
    "statistic" : {
      "failed" : 0,
      "broken" : 0,
      "skipped" : 0,
      "passed" : 1,
      "unknown" : 0,
      "total" : 1
    },
    "items" : [ {
      "uid" : "3b090db77bda7fcc",
      "status" : "passed",
      "time" : {
        "start" : 1618556117142,
        "stop" : 1618556117421,
        "duration" : 279
      }
    } ]
  },
  "245ec5f496f107b0a0ee8638736dfa70" : {
    "statistic" : {
      "failed" : 0,
      "broken" : 0,
      "skipped" : 0,
      "passed" : 1,
      "unknown" : 0,
      "total" : 1
    },
    "items" : [ {
      "uid" : "c57a6713326fc3ce",
      "status" : "passed",
      "time" : {
        "start" : 1618556121218,
        "stop" : 1618556121316,
        "duration" : 98
      }
    } ]
  },
  "601b4a2d83a1904b7a7fad428dbfe8d3" : {
    "statistic" : {
      "failed" : 0,
      "broken" : 0,
      "skipped" : 0,
      "passed" : 1,
      "unknown" : 0,
      "total" : 1
    },
    "items" : [ {
      "uid" : "dff0092bc64abfbc",
      "status" : "passed",
      "time" : {
        "start" : 1618556123714,
        "stop" : 1618556123811,
        "duration" : 97
      }
    } ]
  },
  "3f7fcba431124b889b38ec048475a306" : {
    "statistic" : {
      "failed" : 0,
      "broken" : 0,
      "skipped" : 0,
      "passed" : 1,
      "unknown" : 0,
      "total" : 1
    },
    "items" : [ {
      "uid" : "b94c3ed73345930e",
      "status" : "passed",
      "time" : {
        "start" : 1618556102189,
        "stop" : 1618556102296,
        "duration" : 107
      }
    } ]
  },
  "73f3cd8718da063963aac50dc218f582" : {
    "statistic" : {
      "failed" : 0,
      "broken" : 0,
      "skipped" : 0,
      "passed" : 1,
      "unknown" : 0,
      "total" : 1
    },
    "items" : [ {
      "uid" : "81ed15be8fce7d5d",
      "status" : "passed",
      "time" : {
        "start" : 1618556121914,
        "stop" : 1618556122004,
        "duration" : 90
      }
    } ]
  },
  "a281999dcaa8cc7d0157519291e8c042" : {
    "statistic" : {
      "failed" : 0,
      "broken" : 0,
      "skipped" : 0,
      "passed" : 1,
      "unknown" : 0,
      "total" : 1
    },
    "items" : [ {
      "uid" : "12861fd3f1cd2446",
      "status" : "passed",
      "time" : {
        "start" : 1618556102079,
        "stop" : 1618556102179,
        "duration" : 100
      }
    } ]
  },
  "69d21a07f1a1cf1053cc42314736d460" : {
    "statistic" : {
      "failed" : 0,
      "broken" : 0,
      "skipped" : 0,
      "passed" : 1,
      "unknown" : 0,
      "total" : 1
    },
    "items" : [ {
      "uid" : "589dae7f56191318",
      "status" : "passed",
      "time" : {
        "start" : 1618556118447,
        "stop" : 1618556118577,
        "duration" : 130
      }
    } ]
  },
  "d1f88c904b312fdf6c2b35de0a65c69a" : {
    "statistic" : {
      "failed" : 0,
      "broken" : 0,
      "skipped" : 0,
      "passed" : 1,
      "unknown" : 0,
      "total" : 1
    },
    "items" : [ {
      "uid" : "dd5a36c91cc814c8",
      "status" : "passed",
      "time" : {
        "start" : 1618556117430,
        "stop" : 1618556117562,
        "duration" : 132
      }
    } ]
  },
  "adbe92be1b2905c8dfc45685a5e9e53e" : {
    "statistic" : {
      "failed" : 0,
      "broken" : 0,
      "skipped" : 0,
      "passed" : 1,
      "unknown" : 0,
      "total" : 1
    },
    "items" : [ {
      "uid" : "6a6236ccc5bdadaa",
      "status" : "passed",
      "time" : {
        "start" : 1618556107662,
        "stop" : 1618556107774,
        "duration" : 112
      }
    } ]
  },
  "d1a86c5e0919bccbb64a7a2d1d63e8ae" : {
    "statistic" : {
      "failed" : 0,
      "broken" : 0,
      "skipped" : 0,
      "passed" : 1,
      "unknown" : 0,
      "total" : 1
    },
    "items" : [ {
      "uid" : "8f168370ffec0230",
      "status" : "passed",
      "time" : {
        "start" : 1618556107216,
        "stop" : 1618556107314,
        "duration" : 98
      }
    } ]
  },
  "8ab67daace6b5ebe4c882da39f127c73" : {
    "statistic" : {
      "failed" : 1,
      "broken" : 0,
      "skipped" : 0,
      "passed" : 0,
      "unknown" : 0,
      "total" : 1
    },
    "items" : [ {
      "uid" : "5e5a7a4c29fe2490",
      "status" : "failed",
      "statusDetails" : "AssertionError: assert 403 == 400\n  +403\n  -400",
      "time" : {
        "start" : 1618556117573,
        "stop" : 1618556117690,
        "duration" : 117
      }
    } ]
  },
  "73011bbe8807238de8ed2ab648fcea04" : {
    "statistic" : {
      "failed" : 0,
      "broken" : 0,
      "skipped" : 0,
      "passed" : 1,
      "unknown" : 0,
      "total" : 1
    },
    "items" : [ {
      "uid" : "bdf5d4490b7fcecd",
      "status" : "passed",
      "time" : {
        "start" : 1618556112312,
        "stop" : 1618556112400,
        "duration" : 88
      }
    } ]
  },
  "eec9eb407f3250a411de7a21a08fbc8a" : {
    "statistic" : {
      "failed" : 0,
      "broken" : 0,
      "skipped" : 0,
      "passed" : 1,
      "unknown" : 0,
      "total" : 1
    },
    "items" : [ {
      "uid" : "87b0d9c3d379b2b",
      "status" : "passed",
      "time" : {
        "start" : 1618556106325,
        "stop" : 1618556106429,
        "duration" : 104
      }
    } ]
  },
  "8349c7b905cf55f79883f5dd00d5f1dc" : {
    "statistic" : {
      "failed" : 0,
      "broken" : 0,
      "skipped" : 0,
      "passed" : 1,
      "unknown" : 0,
      "total" : 1
    },
    "items" : [ {
      "uid" : "d2890e03595a9ea6",
      "status" : "passed",
      "time" : {
        "start" : 1618556108021,
        "stop" : 1618556108118,
        "duration" : 97
      }
    } ]
  },
  "57c86fb55ff29f527477f3f5cabbbc52" : {
    "statistic" : {
      "failed" : 0,
      "broken" : 0,
      "skipped" : 0,
      "passed" : 1,
      "unknown" : 0,
      "total" : 1
    },
    "items" : [ {
      "uid" : "287d3e6ef8c4f09",
      "status" : "passed",
      "time" : {
        "start" : 1618556111240,
        "stop" : 1618556111329,
        "duration" : 89
      }
    } ]
  },
  "152c5bbea662534cde1d249dfd6593c5" : {
    "statistic" : {
      "failed" : 0,
      "broken" : 0,
      "skipped" : 0,
      "passed" : 1,
      "unknown" : 0,
      "total" : 1
    },
    "items" : [ {
      "uid" : "a53574268b8bd11",
      "status" : "passed",
      "time" : {
        "start" : 1618556108688,
        "stop" : 1618556108843,
        "duration" : 155
      }
    } ]
  },
  "73b0844003fe5703940b1b5cbe924857" : {
    "statistic" : {
      "failed" : 0,
      "broken" : 0,
      "skipped" : 0,
      "passed" : 1,
      "unknown" : 0,
      "total" : 1
    },
    "items" : [ {
      "uid" : "10603b9fd93879ea",
      "status" : "passed",
      "time" : {
        "start" : 1618556115654,
        "stop" : 1618556115843,
        "duration" : 189
      }
    } ]
  },
  "b96b8dccf1076b69eae2d5f37ea7f362" : {
    "statistic" : {
      "failed" : 0,
      "broken" : 0,
      "skipped" : 0,
      "passed" : 1,
      "unknown" : 0,
      "total" : 1
    },
    "items" : [ {
      "uid" : "b8245937b95b720c",
      "status" : "passed",
      "time" : {
        "start" : 1618556107001,
        "stop" : 1618556107106,
        "duration" : 105
      }
    } ]
  },
  "84c0167ebc28dc04cca2387cf648520a" : {
    "statistic" : {
      "failed" : 0,
      "broken" : 0,
      "skipped" : 0,
      "passed" : 1,
      "unknown" : 0,
      "total" : 1
    },
    "items" : [ {
      "uid" : "243d29d90da088d6",
      "status" : "passed",
      "time" : {
        "start" : 1618556114213,
        "stop" : 1618556114346,
        "duration" : 133
      }
    } ]
  },
  "d54474c0cd3ce3673a0772ee189981bb" : {
    "statistic" : {
      "failed" : 0,
      "broken" : 0,
      "skipped" : 0,
      "passed" : 1,
      "unknown" : 0,
      "total" : 1
    },
    "items" : [ {
      "uid" : "d030bda3dbdd04d1",
      "status" : "passed",
      "time" : {
        "start" : 1618556111654,
        "stop" : 1618556111752,
        "duration" : 98
      }
    } ]
  },
  "36c3e15aa40089b47163d74cc17eb226" : {
    "statistic" : {
      "failed" : 0,
      "broken" : 0,
      "skipped" : 0,
      "passed" : 1,
      "unknown" : 0,
      "total" : 1
    },
    "items" : [ {
      "uid" : "ffa2e06b154ca72",
      "status" : "passed",
      "time" : {
        "start" : 1618556113892,
        "stop" : 1618556114202,
        "duration" : 310
      }
    } ]
  },
  "b430c506b155d49d4616df9bb629aa80" : {
    "statistic" : {
      "failed" : 0,
      "broken" : 0,
      "skipped" : 0,
      "passed" : 1,
      "unknown" : 0,
      "total" : 1
    },
    "items" : [ {
      "uid" : "3b972024c48d5e4b",
      "status" : "passed",
      "time" : {
        "start" : 1618556113046,
        "stop" : 1618556113143,
        "duration" : 97
      }
    } ]
  },
  "09e5ebd2c7130e62d0e16e2cf7ffe651" : {
    "statistic" : {
      "failed" : 1,
      "broken" : 0,
      "skipped" : 0,
      "passed" : 0,
      "unknown" : 0,
      "total" : 1
    },
    "items" : [ {
      "uid" : "3c325ed3fabe4df5",
      "status" : "failed",
      "statusDetails" : "AssertionError: assert 403 == 400\n  +403\n  -400",
      "time" : {
        "start" : 1618556123597,
        "stop" : 1618556123697,
        "duration" : 100
      }
    } ]
  },
  "e62087a5df73fd23828edb21cf1a66b5" : {
    "statistic" : {
      "failed" : 0,
      "broken" : 0,
      "skipped" : 0,
      "passed" : 1,
      "unknown" : 0,
      "total" : 1
    },
    "items" : [ {
      "uid" : "7f58aa2cb3deda2d",
      "status" : "passed",
      "time" : {
        "start" : 1618556111550,
        "stop" : 1618556111643,
        "duration" : 93
      }
    } ]
  },
  "2ec799d6e3574e01a562b09c93d977c0" : {
    "statistic" : {
      "failed" : 0,
      "broken" : 0,
      "skipped" : 0,
      "passed" : 1,
      "unknown" : 0,
      "total" : 1
    },
    "items" : [ {
      "uid" : "8e209bae144cfac2",
      "status" : "passed",
      "time" : {
        "start" : 1618556115854,
        "stop" : 1618556116091,
        "duration" : 237
      }
    } ]
  },
  "031109b22021c19575c2a7b0c25c2bec" : {
    "statistic" : {
      "failed" : 0,
      "broken" : 0,
      "skipped" : 0,
      "passed" : 1,
      "unknown" : 0,
      "total" : 1
    },
    "items" : [ {
      "uid" : "698d77b5654fc05",
      "status" : "passed",
      "time" : {
        "start" : 1618556110142,
        "stop" : 1618556110332,
        "duration" : 190
      }
    } ]
  },
  "fa3676b4675f74ed9016d3efa434b87a" : {
    "statistic" : {
      "failed" : 0,
      "broken" : 0,
      "skipped" : 0,
      "passed" : 1,
      "unknown" : 0,
      "total" : 1
    },
    "items" : [ {
      "uid" : "11952f9d674e9978",
      "status" : "passed",
      "time" : {
        "start" : 1618556110695,
        "stop" : 1618556110801,
        "duration" : 106
      }
    } ]
  },
  "4b7aa2959f36603b930721ea55c2ffda" : {
    "statistic" : {
      "failed" : 0,
      "broken" : 0,
      "skipped" : 0,
      "passed" : 1,
      "unknown" : 0,
      "total" : 1
    },
    "items" : [ {
      "uid" : "21dc51d1355f6552",
      "status" : "passed",
      "time" : {
        "start" : 1618556108523,
        "stop" : 1618556108678,
        "duration" : 155
      }
    } ]
  },
  "e7f69cff480d2aea95047f263ff960f0" : {
    "statistic" : {
      "failed" : 0,
      "broken" : 0,
      "skipped" : 0,
      "passed" : 1,
      "unknown" : 0,
      "total" : 1
    },
    "items" : [ {
      "uid" : "8cbfe851c422ecb6",
      "status" : "passed",
      "time" : {
        "start" : 1618556111024,
        "stop" : 1618556111118,
        "duration" : 94
      }
    } ]
  },
  "ab5e7b3faa2166559cc77b8ea014bbf9" : {
    "statistic" : {
      "failed" : 0,
      "broken" : 0,
      "skipped" : 0,
      "passed" : 1,
      "unknown" : 0,
      "total" : 1
    },
    "items" : [ {
      "uid" : "1e073f24fbccadf",
      "status" : "passed",
      "time" : {
        "start" : 1618556111764,
        "stop" : 1618556111868,
        "duration" : 104
      }
    } ]
  },
  "39fdf94e03beebca5fc902e859e5ceec" : {
    "statistic" : {
      "failed" : 0,
      "broken" : 0,
      "skipped" : 0,
      "passed" : 1,
      "unknown" : 0,
      "total" : 1
    },
    "items" : [ {
      "uid" : "4fa9d8d82b8cebfa",
      "status" : "passed",
      "time" : {
        "start" : 1618556123030,
        "stop" : 1618556123119,
        "duration" : 89
      }
    } ]
  },
  "59968580154e41549b67808193cac7b8" : {
    "statistic" : {
      "failed" : 0,
      "broken" : 0,
      "skipped" : 0,
      "passed" : 1,
      "unknown" : 0,
      "total" : 1
    },
    "items" : [ {
      "uid" : "edcc08f358568877",
      "status" : "passed",
      "time" : {
        "start" : 1618556118589,
        "stop" : 1618556118694,
        "duration" : 105
      }
    } ]
  },
  "4c2c19c87a6525daf90245745e9fa2c7" : {
    "statistic" : {
      "failed" : 0,
      "broken" : 0,
      "skipped" : 0,
      "passed" : 1,
      "unknown" : 0,
      "total" : 1
    },
    "items" : [ {
      "uid" : "b6c13188931e80b6",
      "status" : "passed",
      "time" : {
        "start" : 1618556116918,
        "stop" : 1618556117128,
        "duration" : 210
      }
    } ]
  },
  "980c810928ade0cd3583f9475222bf3f" : {
    "statistic" : {
      "failed" : 0,
      "broken" : 0,
      "skipped" : 0,
      "passed" : 1,
      "unknown" : 0,
      "total" : 1
    },
    "items" : [ {
      "uid" : "4a5e1a6b60d33dfa",
      "status" : "passed",
      "time" : {
        "start" : 1618556112518,
        "stop" : 1618556112604,
        "duration" : 86
      }
    } ]
  },
  "0409dea4ccf4cb4c7711a1d33a3f42d2" : {
    "statistic" : {
      "failed" : 0,
      "broken" : 0,
      "skipped" : 0,
      "passed" : 1,
      "unknown" : 0,
      "total" : 1
    },
    "items" : [ {
      "uid" : "75f2d78c4aa878d0",
      "status" : "passed",
      "time" : {
        "start" : 1618556106440,
        "stop" : 1618556106539,
        "duration" : 99
      }
    } ]
  },
  "8e6b1b4236bf66082eabc2e715b8ab3a" : {
    "statistic" : {
      "failed" : 0,
      "broken" : 0,
      "skipped" : 0,
      "passed" : 1,
      "unknown" : 0,
      "total" : 1
    },
    "items" : [ {
      "uid" : "ef85b868b6d187f9",
      "status" : "passed",
      "time" : {
        "start" : 1618556122248,
        "stop" : 1618556122356,
        "duration" : 108
      }
    } ]
  },
  "4169d0f6e8590956c89f5d9993a5aa17" : {
    "statistic" : {
      "failed" : 0,
      "broken" : 0,
      "skipped" : 0,
      "passed" : 1,
      "unknown" : 0,
      "total" : 1
    },
    "items" : [ {
      "uid" : "de081a60e13d63a9",
      "status" : "passed",
      "time" : {
        "start" : 1618556111881,
        "stop" : 1618556111969,
        "duration" : 88
      }
    } ]
  },
  "6a26e68115f9b5abd303e9318de2d1a2" : {
    "statistic" : {
      "failed" : 0,
      "broken" : 0,
      "skipped" : 0,
      "passed" : 1,
      "unknown" : 0,
      "total" : 1
    },
    "items" : [ {
      "uid" : "318c5c5c17a877b",
      "status" : "passed",
      "time" : {
        "start" : 1618556119487,
        "stop" : 1618556119596,
        "duration" : 109
      }
    } ]
  },
  "bf3bd1271ae21890ac5d54f0184c0b98" : {
    "statistic" : {
      "failed" : 0,
      "broken" : 0,
      "skipped" : 0,
      "passed" : 1,
      "unknown" : 0,
      "total" : 1
    },
    "items" : [ {
      "uid" : "40db1253d1402236",
      "status" : "passed",
      "time" : {
        "start" : 1618556113388,
        "stop" : 1618556113485,
        "duration" : 97
      }
    } ]
  },
  "b3add03e7c41eb0fd9b33033e4dacca3" : {
    "statistic" : {
      "failed" : 0,
      "broken" : 0,
      "skipped" : 0,
      "passed" : 1,
      "unknown" : 0,
      "total" : 1
    },
    "items" : [ {
      "uid" : "c1f4af51b10877ac",
      "status" : "passed",
      "time" : {
        "start" : 1618556111341,
        "stop" : 1618556111439,
        "duration" : 98
      }
    } ]
  },
  "75ae78d5ecd35885edf7610c4cd42f1d" : {
    "statistic" : {
      "failed" : 0,
      "broken" : 0,
      "skipped" : 0,
      "passed" : 1,
      "unknown" : 0,
      "total" : 1
    },
    "items" : [ {
      "uid" : "2bbac838e02c5421",
      "status" : "passed",
      "time" : {
        "start" : 1618556103647,
        "stop" : 1618556103753,
        "duration" : 106
      }
    } ]
  },
  "4966a0ee9afb83cfda1adef0acdeb4bb" : {
    "statistic" : {
      "failed" : 0,
      "broken" : 0,
      "skipped" : 0,
      "passed" : 1,
      "unknown" : 0,
      "total" : 1
    },
    "items" : [ {
      "uid" : "e74bc8e61725709c",
      "status" : "passed",
      "time" : {
        "start" : 1618556103880,
        "stop" : 1618556103975,
        "duration" : 95
      }
    } ]
  },
  "5ff4d3f6fd3dbab01d739e501c484bd4" : {
    "statistic" : {
      "failed" : 0,
      "broken" : 0,
      "skipped" : 0,
      "passed" : 1,
      "unknown" : 0,
      "total" : 1
    },
    "items" : [ {
      "uid" : "f8708a5e1ef30de2",
      "status" : "passed",
      "time" : {
        "start" : 1618556109541,
        "stop" : 1618556109692,
        "duration" : 151
      }
    } ]
  },
  "dc3f413a6ae132f9530c630317b8b044" : {
    "statistic" : {
      "failed" : 0,
      "broken" : 0,
      "skipped" : 0,
      "passed" : 1,
      "unknown" : 0,
      "total" : 1
    },
    "items" : [ {
      "uid" : "7894755f2aaaa78a",
      "status" : "passed",
      "time" : {
        "start" : 1618556116320,
        "stop" : 1618556116517,
        "duration" : 197
      }
    } ]
  },
  "735645401b1aeec59b3a55ec71142354" : {
    "statistic" : {
      "failed" : 0,
      "broken" : 0,
      "skipped" : 0,
      "passed" : 1,
      "unknown" : 0,
      "total" : 1
    },
    "items" : [ {
      "uid" : "939cbfcdd62a0c82",
      "status" : "passed",
      "time" : {
        "start" : 1618556101683,
        "stop" : 1618556101804,
        "duration" : 121
      }
    } ]
  },
  "bb842776c983e96d1700d4ef83be07c0" : {
    "statistic" : {
      "failed" : 0,
      "broken" : 0,
      "skipped" : 0,
      "passed" : 1,
      "unknown" : 0,
      "total" : 1
    },
    "items" : [ {
      "uid" : "82c0e134aa56837d",
      "status" : "passed",
      "time" : {
        "start" : 1618556112951,
        "stop" : 1618556113036,
        "duration" : 85
      }
    } ]
  },
  "3692b30530863c77af6bbc34372e27c0" : {
    "statistic" : {
      "failed" : 0,
      "broken" : 0,
      "skipped" : 0,
      "passed" : 1,
      "unknown" : 0,
      "total" : 1
    },
    "items" : [ {
      "uid" : "12b455cef58bc973",
      "status" : "passed",
      "time" : {
        "start" : 1618556103409,
        "stop" : 1618556103513,
        "duration" : 104
      }
    } ]
  },
  "29387f0c63e51a9620e4ade403060f52" : {
    "statistic" : {
      "failed" : 0,
      "broken" : 0,
      "skipped" : 0,
      "passed" : 1,
      "unknown" : 0,
      "total" : 1
    },
    "items" : [ {
      "uid" : "c3c24ae60550d09c",
      "status" : "passed",
      "time" : {
        "start" : 1618556106550,
        "stop" : 1618556106670,
        "duration" : 120
      }
    } ]
  },
  "e60f0bddaa47199fb92e9f0fecc59cf8" : {
    "statistic" : {
      "failed" : 0,
      "broken" : 0,
      "skipped" : 0,
      "passed" : 1,
      "unknown" : 0,
      "total" : 1
    },
    "items" : [ {
      "uid" : "ccd15271f1289cc2",
      "status" : "passed",
      "time" : {
        "start" : 1618556106893,
        "stop" : 1618556106990,
        "duration" : 97
      }
    } ]
  },
  "fd39f014c928dacc5677949a8d0410c4" : {
    "statistic" : {
      "failed" : 0,
      "broken" : 0,
      "skipped" : 0,
      "passed" : 1,
      "unknown" : 0,
      "total" : 1
    },
    "items" : [ {
      "uid" : "ff183044059ab254",
      "status" : "passed",
      "time" : {
        "start" : 1618556113267,
        "stop" : 1618556113379,
        "duration" : 112
      }
    } ]
  },
  "c1b91aed7ff36309b02d459a26e831de" : {
    "statistic" : {
      "failed" : 0,
      "broken" : 0,
      "skipped" : 0,
      "passed" : 1,
      "unknown" : 0,
      "total" : 1
    },
    "items" : [ {
      "uid" : "d7a237cb68328e53",
      "status" : "passed",
      "time" : {
        "start" : 1618556115238,
        "stop" : 1618556115432,
        "duration" : 194
      }
    } ]
  },
  "e696b4728e0686e2deb62df462ac67db" : {
    "statistic" : {
      "failed" : 0,
      "broken" : 0,
      "skipped" : 0,
      "passed" : 1,
      "unknown" : 0,
      "total" : 1
    },
    "items" : [ {
      "uid" : "e545a6e7986e96b4",
      "status" : "passed",
      "time" : {
        "start" : 1618556122365,
        "stop" : 1618556122455,
        "duration" : 90
      }
    } ]
  },
  "30d1efc8b0290015c97f10b2c1ece119" : {
    "statistic" : {
      "failed" : 0,
      "broken" : 0,
      "skipped" : 0,
      "passed" : 1,
      "unknown" : 0,
      "total" : 1
    },
    "items" : [ {
      "uid" : "ca91d6c1396b124e",
      "status" : "passed",
      "time" : {
        "start" : 1618556102311,
        "stop" : 1618556102419,
        "duration" : 108
      }
    } ]
  },
  "7b4ddc7c2ed72a06a80b1606e0278d8f" : {
    "statistic" : {
      "failed" : 0,
      "broken" : 0,
      "skipped" : 0,
      "passed" : 1,
      "unknown" : 0,
      "total" : 1
    },
    "items" : [ {
      "uid" : "3242f03a398bb4eb",
      "status" : "passed",
      "time" : {
        "start" : 1618556118198,
        "stop" : 1618556118294,
        "duration" : 96
      }
    } ]
  },
  "e6c95522140d48af874565c52c795783" : {
    "statistic" : {
      "failed" : 0,
      "broken" : 0,
      "skipped" : 0,
      "passed" : 1,
      "unknown" : 0,
      "total" : 1
    },
    "items" : [ {
      "uid" : "67e172056cd4450d",
      "status" : "passed",
      "time" : {
        "start" : 1618556119902,
        "stop" : 1618556120006,
        "duration" : 104
      }
    } ]
  },
  "7aa874dcd1e8ce7a34accb42a4e6af24" : {
    "statistic" : {
      "failed" : 0,
      "broken" : 0,
      "skipped" : 0,
      "passed" : 1,
      "unknown" : 0,
      "total" : 1
    },
    "items" : [ {
      "uid" : "1b498c7169cf2ffd",
      "status" : "passed",
      "time" : {
        "start" : 1618556105289,
        "stop" : 1618556105439,
        "duration" : 150
      }
    } ]
  },
  "c3c879abc2c053c0a9e8e3e756b1dc90" : {
    "statistic" : {
      "failed" : 0,
      "broken" : 0,
      "skipped" : 0,
      "passed" : 1,
      "unknown" : 0,
      "total" : 1
    },
    "items" : [ {
      "uid" : "a10584a1958fa56c",
      "status" : "passed",
      "time" : {
        "start" : 1618556119257,
        "stop" : 1618556119362,
        "duration" : 105
      }
    } ]
  },
  "4429bc39efe24164bcf05dd9553e75e9" : {
    "statistic" : {
      "failed" : 0,
      "broken" : 0,
      "skipped" : 0,
      "passed" : 1,
      "unknown" : 0,
      "total" : 1
    },
    "items" : [ {
      "uid" : "896e963324047589",
      "status" : "passed",
      "time" : {
        "start" : 1618556104205,
        "stop" : 1618556104310,
        "duration" : 105
      }
    } ]
  },
  "d0b9c5640974c9438ef058846f8e5313" : {
    "statistic" : {
      "failed" : 0,
      "broken" : 0,
      "skipped" : 0,
      "passed" : 1,
      "unknown" : 0,
      "total" : 1
    },
    "items" : [ {
      "uid" : "3fc65a6d1069aece",
      "status" : "passed",
      "time" : {
        "start" : 1618556107548,
        "stop" : 1618556107652,
        "duration" : 104
      }
    } ]
  },
  "e6682c4da64bb501c274cf1550a316df" : {
    "statistic" : {
      "failed" : 0,
      "broken" : 0,
      "skipped" : 0,
      "passed" : 1,
      "unknown" : 0,
      "total" : 1
    },
    "items" : [ {
      "uid" : "4dd45c60e20e9853",
      "status" : "passed",
      "time" : {
        "start" : 1618556108352,
        "stop" : 1618556108511,
        "duration" : 159
      }
    } ]
  },
  "166cd1fe8cf5301bf5423107d64e8fa5" : {
    "statistic" : {
      "failed" : 0,
      "broken" : 0,
      "skipped" : 0,
      "passed" : 1,
      "unknown" : 0,
      "total" : 1
    },
    "items" : [ {
      "uid" : "7e82996d06726bf4",
      "status" : "passed",
      "time" : {
        "start" : 1618556110342,
        "stop" : 1618556110478,
        "duration" : 136
      }
    } ]
  },
  "13b8c2ba91d13b7b5e27bb3f17b76d2e" : {
    "statistic" : {
      "failed" : 0,
      "broken" : 0,
      "skipped" : 0,
      "passed" : 1,
      "unknown" : 0,
      "total" : 1
    },
    "items" : [ {
      "uid" : "cf03aa5df29386d3",
      "status" : "passed",
      "time" : {
        "start" : 1618556103285,
        "stop" : 1618556103399,
        "duration" : 114
      }
    } ]
  },
  "712a929fa70e2f7039e8239f19d5e259" : {
    "statistic" : {
      "failed" : 0,
      "broken" : 0,
      "skipped" : 0,
      "passed" : 1,
      "unknown" : 0,
      "total" : 1
    },
    "items" : [ {
      "uid" : "f492ce898ed96fe",
      "status" : "passed",
      "time" : {
        "start" : 1618556118703,
        "stop" : 1618556118826,
        "duration" : 123
      }
    } ]
  },
  "d03682ec036fe797f416eb4e36ac210d" : {
    "statistic" : {
      "failed" : 0,
      "broken" : 0,
      "skipped" : 0,
      "passed" : 1,
      "unknown" : 0,
      "total" : 1
    },
    "items" : [ {
      "uid" : "e89e1fe20d5d6107",
      "status" : "passed",
      "time" : {
        "start" : 1618556120017,
        "stop" : 1618556120109,
        "duration" : 92
      }
    } ]
  },
  "7be7587868d98f29efd3d83482d1a412" : {
    "statistic" : {
      "failed" : 0,
      "broken" : 0,
      "skipped" : 0,
      "passed" : 1,
      "unknown" : 0,
      "total" : 1
    },
    "items" : [ {
      "uid" : "b171f726305fc3f3",
      "status" : "passed",
      "time" : {
        "start" : 1618556120369,
        "stop" : 1618556120476,
        "duration" : 107
      }
    } ]
  },
  "81aa091a4c21cad9cd939e3e0a94de35" : {
    "statistic" : {
      "failed" : 0,
      "broken" : 0,
      "skipped" : 0,
      "passed" : 1,
      "unknown" : 0,
      "total" : 1
    },
    "items" : [ {
      "uid" : "b41fff6ccbcf0598",
      "status" : "passed",
      "time" : {
        "start" : 1618556107327,
        "stop" : 1618556107423,
        "duration" : 96
      }
    } ]
  },
  "e09265135488ddc0a621798a69eb2787" : {
    "statistic" : {
      "failed" : 0,
      "broken" : 0,
      "skipped" : 0,
      "passed" : 1,
      "unknown" : 0,
      "total" : 1
    },
    "items" : [ {
      "uid" : "f2877513e3ed13b",
      "status" : "passed",
      "time" : {
        "start" : 1618556122596,
        "stop" : 1618556122683,
        "duration" : 87
      }
    } ]
  },
  "2a5e8e1b55d5d562281a942760635a80" : {
    "statistic" : {
      "failed" : 0,
      "broken" : 0,
      "skipped" : 0,
      "passed" : 1,
      "unknown" : 0,
      "total" : 1
    },
    "items" : [ {
      "uid" : "4bd60cb5e4088eb3",
      "status" : "passed",
      "time" : {
        "start" : 1618556105157,
        "stop" : 1618556105279,
        "duration" : 122
      }
    } ]
  },
  "eb367a61f24920616155d23ff22c582d" : {
    "statistic" : {
      "failed" : 0,
      "broken" : 0,
      "skipped" : 0,
      "passed" : 1,
      "unknown" : 0,
      "total" : 1
    },
    "items" : [ {
      "uid" : "e2701f2896090e01",
      "status" : "passed",
      "time" : {
        "start" : 1618556110813,
        "stop" : 1618556110904,
        "duration" : 91
      }
    } ]
  },
  "fd10ea5fef8d47f2558c77ebe45f9083" : {
    "statistic" : {
      "failed" : 0,
      "broken" : 0,
      "skipped" : 0,
      "passed" : 1,
      "unknown" : 0,
      "total" : 1
    },
    "items" : [ {
      "uid" : "67003a03a6fe2a8d",
      "status" : "passed",
      "time" : {
        "start" : 1618556102556,
        "stop" : 1618556102673,
        "duration" : 117
      }
    } ]
  },
  "97c74d968226bced363d3f552c0bbc4c" : {
    "statistic" : {
      "failed" : 0,
      "broken" : 0,
      "skipped" : 0,
      "passed" : 1,
      "unknown" : 0,
      "total" : 1
    },
    "items" : [ {
      "uid" : "b480b5063f7623af",
      "status" : "passed",
      "time" : {
        "start" : 1618556109376,
        "stop" : 1618556109529,
        "duration" : 153
      }
    } ]
  },
  "f40974321c5c3187da4dedadab845d1c" : {
    "statistic" : {
      "failed" : 0,
      "broken" : 0,
      "skipped" : 0,
      "passed" : 1,
      "unknown" : 0,
      "total" : 1
    },
    "items" : [ {
      "uid" : "85fede7bef0ced61",
      "status" : "passed",
      "time" : {
        "start" : 1618556121327,
        "stop" : 1618556121571,
        "duration" : 244
      }
    } ]
  },
  "267df5b1842bfce8c558b26a87c9678c" : {
    "statistic" : {
      "failed" : 0,
      "broken" : 0,
      "skipped" : 0,
      "passed" : 1,
      "unknown" : 0,
      "total" : 1
    },
    "items" : [ {
      "uid" : "50fec9a88b6be408",
      "status" : "passed",
      "time" : {
        "start" : 1618556107785,
        "stop" : 1618556107888,
        "duration" : 103
      }
    } ]
  },
  "ebe38d3bccdb9d3472be805467ad6458" : {
    "statistic" : {
      "failed" : 0,
      "broken" : 0,
      "skipped" : 0,
      "passed" : 1,
      "unknown" : 0,
      "total" : 1
    },
    "items" : [ {
      "uid" : "d73cc9c48c31065",
      "status" : "passed",
      "time" : {
        "start" : 1618556123823,
        "stop" : 1618556123922,
        "duration" : 99
      }
    } ]
  },
  "352e5d303bff131cf2c184c21e634c8a" : {
    "statistic" : {
      "failed" : 0,
      "broken" : 0,
      "skipped" : 0,
      "passed" : 1,
      "unknown" : 0,
      "total" : 1
    },
    "items" : [ {
      "uid" : "4d1fb26f4c374d85",
      "status" : "passed",
      "time" : {
        "start" : 1618556120706,
        "stop" : 1618556120799,
        "duration" : 93
      }
    } ]
  },
  "16f8780045c54438419c1989c6675313" : {
    "statistic" : {
      "failed" : 0,
      "broken" : 0,
      "skipped" : 0,
      "passed" : 1,
      "unknown" : 0,
      "total" : 1
    },
    "items" : [ {
      "uid" : "94a52e95d6557a81",
      "status" : "passed",
      "time" : {
        "start" : 1618556115036,
        "stop" : 1618556115227,
        "duration" : 191
      }
    } ]
  },
  "fc6729a10fc919c719d89a7175f2794a" : {
    "statistic" : {
      "failed" : 0,
      "broken" : 0,
      "skipped" : 0,
      "passed" : 1,
      "unknown" : 0,
      "total" : 1
    },
    "items" : [ {
      "uid" : "6a3d18a91b7b210e",
      "status" : "passed",
      "time" : {
        "start" : 1618556109979,
        "stop" : 1618556110131,
        "duration" : 152
      }
    } ]
  },
  "39a029f3f1823466e08c3d7510c2a7c7" : {
    "statistic" : {
      "failed" : 0,
      "broken" : 0,
      "skipped" : 0,
      "passed" : 1,
      "unknown" : 0,
      "total" : 1
    },
    "items" : [ {
      "uid" : "5ac55f80a3f850c2",
      "status" : "passed",
      "time" : {
        "start" : 1618556107116,
        "stop" : 1618556107204,
        "duration" : 88
      }
    } ]
  },
  "7942e25315307893eacbaab207240e40" : {
    "statistic" : {
      "failed" : 0,
      "broken" : 0,
      "skipped" : 0,
      "passed" : 1,
      "unknown" : 0,
      "total" : 1
    },
    "items" : [ {
      "uid" : "3a45706acfa35071",
      "status" : "passed",
      "time" : {
        "start" : 1618556113154,
        "stop" : 1618556113258,
        "duration" : 104
      }
    } ]
  },
  "1f5fcc33fbda4cb12bab9ae7870a225c" : {
    "statistic" : {
      "failed" : 0,
      "broken" : 0,
      "skipped" : 0,
      "passed" : 1,
      "unknown" : 0,
      "total" : 1
    },
    "items" : [ {
      "uid" : "ce99c4645eafbfdd",
      "status" : "passed",
      "time" : {
        "start" : 1618556121008,
        "stop" : 1618556121101,
        "duration" : 93
      }
    } ]
  },
  "6be5da7708892266e2fe0b66e1ed4f5f" : {
    "statistic" : {
      "failed" : 0,
      "broken" : 0,
      "skipped" : 0,
      "passed" : 1,
      "unknown" : 0,
      "total" : 1
    },
    "items" : [ {
      "uid" : "7cf541dbcee53332",
      "status" : "passed",
      "time" : {
        "start" : 1618556116102,
        "stop" : 1618556116309,
        "duration" : 207
      }
    } ]
  },
  "238d7a910bdcc6889bb658e342e86b8a" : {
    "statistic" : {
      "failed" : 0,
      "broken" : 0,
      "skipped" : 0,
      "passed" : 1,
      "unknown" : 0,
      "total" : 1
    },
    "items" : [ {
      "uid" : "fdf3b7e2442db632",
      "status" : "passed",
      "time" : {
        "start" : 1618556103987,
        "stop" : 1618556104086,
        "duration" : 99
      }
    } ]
  },
  "d8efccb86581b331fd067be7a7cc07c9" : {
    "statistic" : {
      "failed" : 0,
      "broken" : 0,
      "skipped" : 0,
      "passed" : 1,
      "unknown" : 0,
      "total" : 1
    },
    "items" : [ {
      "uid" : "4db9891b1bf9d400",
      "status" : "passed",
      "time" : {
        "start" : 1618556111450,
        "stop" : 1618556111538,
        "duration" : 88
      }
    } ]
  },
  "df13265768f4a5bb00f359afb22ef603" : {
    "statistic" : {
      "failed" : 0,
      "broken" : 0,
      "skipped" : 0,
      "passed" : 1,
      "unknown" : 0,
      "total" : 1
    },
    "items" : [ {
      "uid" : "e5c05bde49292ce9",
      "status" : "passed",
      "time" : {
        "start" : 1618556105565,
        "stop" : 1618556105665,
        "duration" : 100
      }
    } ]
  },
  "eea5494ad0e66cae52ad333abb6e965f" : {
    "statistic" : {
      "failed" : 0,
      "broken" : 0,
      "skipped" : 0,
      "passed" : 1,
      "unknown" : 0,
      "total" : 1
    },
    "items" : [ {
      "uid" : "8e49105697fd1259",
      "status" : "passed",
      "time" : {
        "start" : 1618556114827,
        "stop" : 1618556115023,
        "duration" : 196
      }
    } ]
  },
  "699b0873b999f985f33ad89cc5b394ab" : {
    "statistic" : {
      "failed" : 0,
      "broken" : 0,
      "skipped" : 0,
      "passed" : 1,
      "unknown" : 0,
      "total" : 1
    },
    "items" : [ {
      "uid" : "ec2e18ecc1f15f26",
      "status" : "passed",
      "time" : {
        "start" : 1618556112614,
        "stop" : 1618556112716,
        "duration" : 102
      }
    } ]
  },
  "e48626c45806781781d1288f7e52a5a1" : {
    "statistic" : {
      "failed" : 0,
      "broken" : 0,
      "skipped" : 0,
      "passed" : 1,
      "unknown" : 0,
      "total" : 1
    },
    "items" : [ {
      "uid" : "d018bfe775b58eee",
      "status" : "passed",
      "time" : {
        "start" : 1618556120906,
        "stop" : 1618556120998,
        "duration" : 92
      }
    } ]
  },
  "a4aa98f1e71ed249ce0d24998950dbfd" : {
    "statistic" : {
      "failed" : 0,
      "broken" : 0,
      "skipped" : 0,
      "passed" : 1,
      "unknown" : 0,
      "total" : 1
    },
    "items" : [ {
      "uid" : "f29c8fa5a9f7f729",
      "status" : "passed",
      "time" : {
        "start" : 1618556110914,
        "stop" : 1618556111011,
        "duration" : 97
      }
    } ]
  },
  "eae6dfd3dcde586740709e4c99397aee" : {
    "statistic" : {
      "failed" : 0,
      "broken" : 0,
      "skipped" : 0,
      "passed" : 1,
      "unknown" : 0,
      "total" : 1
    },
    "items" : [ {
      "uid" : "7b4358acf3c3b9d0",
      "status" : "passed",
      "time" : {
        "start" : 1618556101949,
        "stop" : 1618556102062,
        "duration" : 113
      }
    } ]
  },
  "508001f0f4d4fcaa57e960df448bf30b" : {
    "statistic" : {
      "failed" : 0,
      "broken" : 0,
      "skipped" : 0,
      "passed" : 1,
      "unknown" : 0,
      "total" : 1
    },
    "items" : [ {
      "uid" : "be9f362a80b68ee4",
      "status" : "passed",
      "time" : {
        "start" : 1618556109870,
        "stop" : 1618556109968,
        "duration" : 98
      }
    } ]
  },
  "719ebb2c140d4835834cf25ade7b0d06" : {
    "statistic" : {
      "failed" : 0,
      "broken" : 0,
      "skipped" : 0,
      "passed" : 1,
      "unknown" : 0,
      "total" : 1
    },
    "items" : [ {
      "uid" : "dbd00e9b827f982a",
      "status" : "passed",
      "time" : {
        "start" : 1618556102923,
        "stop" : 1618556103034,
        "duration" : 111
      }
    } ]
  },
  "d2617e66bc54445c2b9363518d0c0d45" : {
    "statistic" : {
      "failed" : 0,
      "broken" : 0,
      "skipped" : 0,
      "passed" : 1,
      "unknown" : 0,
      "total" : 1
    },
    "items" : [ {
      "uid" : "fcb72397bc6d2379",
      "status" : "passed",
      "time" : {
        "start" : 1618556112409,
        "stop" : 1618556112505,
        "duration" : 96
      }
    } ]
  },
  "38146c89eb3155fa765046b62e67aa70" : {
    "statistic" : {
      "failed" : 0,
      "broken" : 0,
      "skipped" : 0,
      "passed" : 1,
      "unknown" : 0,
      "total" : 1
    },
    "items" : [ {
      "uid" : "854f238248c2925e",
      "status" : "passed",
      "time" : {
        "start" : 1618556102433,
        "stop" : 1618556102543,
        "duration" : 110
      }
    } ]
  },
  "cd93eb2e30261f8701c0a311dc156052" : {
    "statistic" : {
      "failed" : 0,
      "broken" : 0,
      "skipped" : 0,
      "passed" : 1,
      "unknown" : 0,
      "total" : 1
    },
    "items" : [ {
      "uid" : "729d96855a53151e",
      "status" : "passed",
      "time" : {
        "start" : 1618556103162,
        "stop" : 1618556103274,
        "duration" : 112
      }
    } ]
  },
  "afc961f103a3e1a11cc33a4e2c268f42" : {
    "statistic" : {
      "failed" : 0,
      "broken" : 0,
      "skipped" : 0,
      "passed" : 1,
      "unknown" : 0,
      "total" : 1
    },
    "items" : [ {
      "uid" : "46696c336a42514d",
      "status" : "passed",
      "time" : {
        "start" : 1618556110491,
        "stop" : 1618556110578,
        "duration" : 87
      }
    } ]
  },
  "51e94ca7e9d256206ef603de93160f9a" : {
    "statistic" : {
      "failed" : 0,
      "broken" : 0,
      "skipped" : 0,
      "passed" : 1,
      "unknown" : 0,
      "total" : 1
    },
    "items" : [ {
      "uid" : "99b2c6bf7642b0df",
      "status" : "passed",
      "time" : {
        "start" : 1618556105043,
        "stop" : 1618556105145,
        "duration" : 102
      }
    } ]
  },
  "ebc140bcf742f386c722ee39ea53f5a2" : {
    "statistic" : {
      "failed" : 0,
      "broken" : 0,
      "skipped" : 0,
      "passed" : 1,
      "unknown" : 0,
      "total" : 1
    },
    "items" : [ {
      "uid" : "db8e792ed4fd00a3",
      "status" : "passed",
      "time" : {
        "start" : 1618556118039,
        "stop" : 1618556118188,
        "duration" : 149
      }
    } ]
  },
  "e4067f48a0518bcf3230145f63f954db" : {
    "statistic" : {
      "failed" : 0,
      "broken" : 0,
      "skipped" : 0,
      "passed" : 1,
      "unknown" : 0,
      "total" : 1
    },
    "items" : [ {
      "uid" : "d2d1f19dbf4f05b0",
      "status" : "passed",
      "time" : {
        "start" : 1618556105896,
        "stop" : 1618556105989,
        "duration" : 93
      }
    } ]
  },
  "311f74ab5c607fdec5fb9ce81eb56d8d" : {
    "statistic" : {
      "failed" : 0,
      "broken" : 0,
      "skipped" : 0,
      "passed" : 1,
      "unknown" : 0,
      "total" : 1
    },
    "items" : [ {
      "uid" : "3ac3b359b05cb9ea",
      "status" : "passed",
      "time" : {
        "start" : 1618556112834,
        "stop" : 1618556112934,
        "duration" : 100
      }
    } ]
  },
  "266d235b053623e9d6db81e1576a836e" : {
    "statistic" : {
      "failed" : 0,
      "broken" : 0,
      "skipped" : 0,
      "passed" : 1,
      "unknown" : 0,
      "total" : 1
    },
    "items" : [ {
      "uid" : "4d0395156bafb3af",
      "status" : "passed",
      "time" : {
        "start" : 1618556111980,
        "stop" : 1618556112074,
        "duration" : 94
      }
    } ]
  },
  "4d88f0be2bc694d6e6069fdf2f586b8e" : {
    "statistic" : {
      "failed" : 1,
      "broken" : 0,
      "skipped" : 0,
      "passed" : 0,
      "unknown" : 0,
      "total" : 1
    },
    "items" : [ {
      "uid" : "212c1b4638db551f",
      "status" : "failed",
      "statusDetails" : "AssertionError: assert 403 == 400\n  +403\n  -400",
      "time" : {
        "start" : 1618556120120,
        "stop" : 1618556120245,
        "duration" : 125
      }
    } ]
  },
  "cb9bc359e2e758d75cef811070d2bdab" : {
    "statistic" : {
      "failed" : 1,
      "broken" : 0,
      "skipped" : 0,
      "passed" : 0,
      "unknown" : 0,
      "total" : 1
    },
    "items" : [ {
      "uid" : "e55c1bd2b67c794",
      "status" : "failed",
      "statusDetails" : "AssertionError: assert 400 == 200\n  +400\n  -200",
      "time" : {
        "start" : 1618556118983,
        "stop" : 1618556119123,
        "duration" : 140
      }
    } ]
  },
  "fa1f265fdb547c296e0ac3a171dd5cdf" : {
    "statistic" : {
      "failed" : 0,
      "broken" : 0,
      "skipped" : 0,
      "passed" : 1,
      "unknown" : 0,
      "total" : 1
    },
    "items" : [ {
      "uid" : "9cc6cab248313993",
      "status" : "passed",
      "time" : {
        "start" : 1618556121798,
        "stop" : 1618556121905,
        "duration" : 107
      }
    } ]
  },
  "793f578eb17e4b229bc311f69b5a7b9f" : {
    "statistic" : {
      "failed" : 0,
      "broken" : 0,
      "skipped" : 0,
      "passed" : 1,
      "unknown" : 0,
      "total" : 1
    },
    "items" : [ {
      "uid" : "9770f45a6610bd94",
      "status" : "passed",
      "time" : {
        "start" : 1618556123474,
        "stop" : 1618556123587,
        "duration" : 113
      }
    } ]
  },
  "53798ecfe4b52d3e584a831a89b7d84d" : {
    "statistic" : {
      "failed" : 0,
      "broken" : 0,
      "skipped" : 0,
      "passed" : 1,
      "unknown" : 0,
      "total" : 1
    },
    "items" : [ {
      "uid" : "29c669bf46666efb",
      "status" : "passed",
      "time" : {
        "start" : 1618556103525,
        "stop" : 1618556103637,
        "duration" : 112
      }
    } ]
  },
  "a19c8a177468911ef47712a00fcb045c" : {
    "statistic" : {
      "failed" : 0,
      "broken" : 0,
      "skipped" : 0,
      "passed" : 1,
      "unknown" : 0,
      "total" : 1
    },
    "items" : [ {
      "uid" : "93169c712a096af",
      "status" : "passed",
      "time" : {
        "start" : 1618556106217,
        "stop" : 1618556106315,
        "duration" : 98
      }
    } ]
  },
  "aba448b70fe3d871c0b9f16a7f48588a" : {
    "statistic" : {
      "failed" : 0,
      "broken" : 0,
      "skipped" : 0,
      "passed" : 1,
      "unknown" : 0,
      "total" : 1
    },
    "items" : [ {
      "uid" : "475c5ff0b4ca1c5b",
      "status" : "passed",
      "time" : {
        "start" : 1618556117912,
        "stop" : 1618556118028,
        "duration" : 116
      }
    } ]
  },
  "c9e35b6fac0779353edf5344bdc26710" : {
    "statistic" : {
      "failed" : 0,
      "broken" : 0,
      "skipped" : 0,
      "passed" : 1,
      "unknown" : 0,
      "total" : 1
    },
    "items" : [ {
      "uid" : "3e505fdde869ed1a",
      "status" : "passed",
      "time" : {
        "start" : 1618556121694,
        "stop" : 1618556121786,
        "duration" : 92
      }
    } ]
  },
  "9f15b1a60d9ce7d345413c00c48441aa" : {
    "statistic" : {
      "failed" : 1,
      "broken" : 0,
      "skipped" : 0,
      "passed" : 0,
      "unknown" : 0,
      "total" : 1
    },
    "items" : [ {
      "uid" : "3dd0b673b5d30cd8",
      "status" : "failed",
      "statusDetails" : "AssertionError: assert 403 == 400\n  +403\n  -400",
      "time" : {
        "start" : 1618556113494,
        "stop" : 1618556113640,
        "duration" : 146
      }
    } ]
  },
  "ad2c77857a441693e3e636cb158e56e1" : {
    "statistic" : {
      "failed" : 0,
      "broken" : 0,
      "skipped" : 0,
      "passed" : 1,
      "unknown" : 0,
      "total" : 1
    },
    "items" : [ {
      "uid" : "b819e03b663bf834",
      "status" : "passed",
      "time" : {
        "start" : 1618556119605,
        "stop" : 1618556119726,
        "duration" : 121
      }
    } ]
  },
  "c4871a6a1a18106652010e21f94f3ee6" : {
    "statistic" : {
      "failed" : 0,
      "broken" : 0,
      "skipped" : 0,
      "passed" : 1,
      "unknown" : 0,
      "total" : 1
    },
    "items" : [ {
      "uid" : "832bbfe4e6c77ecf",
      "status" : "passed",
      "time" : {
        "start" : 1618556105796,
        "stop" : 1618556105883,
        "duration" : 87
      }
    } ]
  },
  "9339a703d3b1943259ce018bf1cb52ec" : {
    "statistic" : {
      "failed" : 0,
      "broken" : 0,
      "skipped" : 0,
      "passed" : 1,
      "unknown" : 0,
      "total" : 1
    },
    "items" : [ {
      "uid" : "cb023ed1b5ca0648",
      "status" : "passed",
      "time" : {
        "start" : 1618556111130,
        "stop" : 1618556111230,
        "duration" : 100
      }
    } ]
  },
  "21d3cfc32e90df768d16666224e7817d" : {
    "statistic" : {
      "failed" : 0,
      "broken" : 0,
      "skipped" : 0,
      "passed" : 1,
      "unknown" : 0,
      "total" : 1
    },
    "items" : [ {
      "uid" : "38851bae68ad2703",
      "status" : "passed",
      "time" : {
        "start" : 1618556123235,
        "stop" : 1618556123347,
        "duration" : 112
      }
    } ]
  },
  "7f3d78cd02b67e47067f18008c335bac" : {
    "statistic" : {
      "failed" : 0,
      "broken" : 0,
      "skipped" : 0,
      "passed" : 1,
      "unknown" : 0,
      "total" : 1
    },
    "items" : [ {
      "uid" : "1b2d6f4f04d6969e",
      "status" : "passed",
      "time" : {
        "start" : 1618556114634,
        "stop" : 1618556114818,
        "duration" : 184
      }
    } ]
  },
  "3886095e4a4a496d795ef64e06d01a0e" : {
    "statistic" : {
      "failed" : 0,
      "broken" : 0,
      "skipped" : 0,
      "passed" : 1,
      "unknown" : 0,
      "total" : 1
    },
    "items" : [ {
      "uid" : "6a33878dddc5b0d8",
      "status" : "passed",
      "time" : {
        "start" : 1618556119138,
        "stop" : 1618556119246,
        "duration" : 108
      }
    } ]
  },
  "10af008dcf67e5cc415ef8d33e9c1650" : {
    "statistic" : {
      "failed" : 0,
      "broken" : 0,
      "skipped" : 0,
      "passed" : 1,
      "unknown" : 0,
      "total" : 1
    },
    "items" : [ {
      "uid" : "c1f98d3e8e5359ad",
      "status" : "passed",
      "time" : {
        "start" : 1618556104321,
        "stop" : 1618556104416,
        "duration" : 95
      }
    } ]
  },
  "7c23015ebaa2597eaf90978ea0c34421" : {
    "statistic" : {
      "failed" : 0,
      "broken" : 0,
      "skipped" : 0,
      "passed" : 1,
      "unknown" : 0,
      "total" : 1
    },
    "items" : [ {
      "uid" : "99b38752b2111a08",
      "status" : "passed",
      "time" : {
        "start" : 1618556123359,
        "stop" : 1618556123465,
        "duration" : 106
      }
    } ]
  },
  "b2dde318a20674cabd3fa70f929c7409" : {
    "statistic" : {
      "failed" : 0,
      "broken" : 0,
      "skipped" : 0,
      "passed" : 1,
      "unknown" : 0,
      "total" : 1
    },
    "items" : [ {
      "uid" : "9f0d0e662225e279",
      "status" : "passed",
      "time" : {
        "start" : 1618556109181,
        "stop" : 1618556109366,
        "duration" : 185
      }
    } ]
  },
  "872fe54cfddd47421846280156153ab4" : {
    "statistic" : {
      "failed" : 0,
      "broken" : 0,
      "skipped" : 0,
      "passed" : 1,
      "unknown" : 0,
      "total" : 1
    },
    "items" : [ {
      "uid" : "2c5a990da5669125",
      "status" : "passed",
      "time" : {
        "start" : 1618556102805,
        "stop" : 1618556102914,
        "duration" : 109
      }
    } ]
  },
  "98f3d6464cb8c31099e9b565e19e125a" : {
    "statistic" : {
      "failed" : 0,
      "broken" : 0,
      "skipped" : 0,
      "passed" : 1,
      "unknown" : 0,
      "total" : 1
    },
    "items" : [ {
      "uid" : "86f934977903384c",
      "status" : "passed",
      "time" : {
        "start" : 1618556123129,
        "stop" : 1618556123225,
        "duration" : 96
      }
    } ]
  },
  "b0fa5661e5ea221dd5bb6e0f9738d33d" : {
    "statistic" : {
      "failed" : 0,
      "broken" : 0,
      "skipped" : 0,
      "passed" : 1,
      "unknown" : 0,
      "total" : 1
    },
    "items" : [ {
      "uid" : "feaf3d9e0a1fb6ac",
      "status" : "passed",
      "time" : {
        "start" : 1618556120262,
        "stop" : 1618556120360,
        "duration" : 98
      }
    } ]
  },
  "93b268131128ad9f86369f32cf06e5dc" : {
    "statistic" : {
      "failed" : 0,
      "broken" : 0,
      "skipped" : 0,
      "passed" : 1,
      "unknown" : 0,
      "total" : 1
    },
    "items" : [ {
      "uid" : "1df3299694b1b118",
      "status" : "passed",
      "time" : {
        "start" : 1618556122798,
        "stop" : 1618556122901,
        "duration" : 103
      }
    } ]
  },
  "7627cca3ea3c0feedc59c5e637a2f3b4" : {
    "statistic" : {
      "failed" : 0,
      "broken" : 0,
      "skipped" : 0,
      "passed" : 1,
      "unknown" : 0,
      "total" : 1
    },
    "items" : [ {
      "uid" : "e31f6a2c657551de",
      "status" : "passed",
      "time" : {
        "start" : 1618556104781,
        "stop" : 1618556104891,
        "duration" : 110
      }
    } ]
  },
  "17f6b83433448490af9c031d7e203692" : {
    "statistic" : {
      "failed" : 0,
      "broken" : 0,
      "skipped" : 0,
      "passed" : 1,
      "unknown" : 0,
      "total" : 1
    },
    "items" : [ {
      "uid" : "a0e15adc171e8ab3",
      "status" : "passed",
      "time" : {
        "start" : 1618556121115,
        "stop" : 1618556121207,
        "duration" : 92
      }
    } ]
  },
  "83767f79dc3e8112362263db9d277bf6" : {
    "statistic" : {
      "failed" : 0,
      "broken" : 0,
      "skipped" : 0,
      "passed" : 1,
      "unknown" : 0,
      "total" : 1
    },
    "items" : [ {
      "uid" : "2a91430bb031cf7",
      "status" : "passed",
      "time" : {
        "start" : 1618556108855,
        "stop" : 1618556108980,
        "duration" : 125
      }
    } ]
  },
  "fb3ffd4cb0c76c810f660dae6ac1020c" : {
    "statistic" : {
      "failed" : 0,
      "broken" : 0,
      "skipped" : 0,
      "passed" : 1,
      "unknown" : 0,
      "total" : 1
    },
    "items" : [ {
      "uid" : "c568e2201534a5b6",
      "status" : "passed",
      "time" : {
        "start" : 1618556120809,
        "stop" : 1618556120895,
        "duration" : 86
      }
    } ]
  },
  "9cd6e0bb47bd9cbc527a3840229e8415" : {
    "statistic" : {
      "failed" : 0,
      "broken" : 0,
      "skipped" : 0,
      "passed" : 1,
      "unknown" : 0,
      "total" : 1
    },
    "items" : [ {
      "uid" : "8f356e9245b0ef8",
      "status" : "passed",
      "time" : {
        "start" : 1618556116528,
        "stop" : 1618556116711,
        "duration" : 183
      }
    } ]
  },
  "18df88eba7696914e6333b8bbed3fe07" : {
    "statistic" : {
      "failed" : 0,
      "broken" : 0,
      "skipped" : 0,
      "passed" : 1,
      "unknown" : 0,
      "total" : 1
    },
    "items" : [ {
      "uid" : "bd0feea15cdd169b",
      "status" : "passed",
      "time" : {
        "start" : 1618556110591,
        "stop" : 1618556110686,
        "duration" : 95
      }
    } ]
  },
  "ff3613f36f1a75b4fa3aa42618bf8138" : {
    "statistic" : {
      "failed" : 0,
      "broken" : 0,
      "skipped" : 0,
      "passed" : 1,
      "unknown" : 0,
      "total" : 1
    },
    "items" : [ {
      "uid" : "5d2b427126ef0b98",
      "status" : "passed",
      "time" : {
        "start" : 1618556122913,
        "stop" : 1618556123021,
        "duration" : 108
      }
    } ]
  },
  "b577bd7564ac3e8817e84455b20fa86d" : {
    "statistic" : {
      "failed" : 0,
      "broken" : 0,
      "skipped" : 0,
      "passed" : 1,
      "unknown" : 0,
      "total" : 1
    },
    "items" : [ {
      "uid" : "8be9fe7e6ccee2b5",
      "status" : "passed",
      "time" : {
        "start" : 1618556104543,
        "stop" : 1618556104637,
        "duration" : 94
      }
    } ]
  },
  "5b5ddcf6ae51a3d28cd5752941a3c4f5" : {
    "statistic" : {
      "failed" : 0,
      "broken" : 0,
      "skipped" : 0,
      "passed" : 1,
      "unknown" : 0,
      "total" : 1
    },
    "items" : [ {
      "uid" : "2b56127cb7b47bfa",
      "status" : "passed",
      "time" : {
        "start" : 1618556105678,
        "stop" : 1618556105784,
        "duration" : 106
      }
    } ]
  },
  "1ae4e9606e669588aaa5f01cd4561354" : {
    "statistic" : {
      "failed" : 0,
      "broken" : 0,
      "skipped" : 0,
      "passed" : 1,
      "unknown" : 0,
      "total" : 1
    },
    "items" : [ {
      "uid" : "a1ad946ccb05a904",
      "status" : "passed",
      "time" : {
        "start" : 1618556119735,
        "stop" : 1618556119891,
        "duration" : 156
      }
    } ]
  },
  "80df95b013f48dd2e943a9dabb2bd044" : {
    "statistic" : {
      "failed" : 0,
      "broken" : 0,
      "skipped" : 0,
      "passed" : 1,
      "unknown" : 0,
      "total" : 1
    },
    "items" : [ {
      "uid" : "dd034331f57106f",
      "status" : "passed",
      "time" : {
        "start" : 1618556112199,
        "stop" : 1618556112299,
        "duration" : 100
      }
    } ]
  },
  "63d344526479fb06cd180dfa4c160890" : {
    "statistic" : {
      "failed" : 0,
      "broken" : 0,
      "skipped" : 0,
      "passed" : 1,
      "unknown" : 0,
      "total" : 1
    },
    "items" : [ {
      "uid" : "5021f2df6ff806a",
      "status" : "passed",
      "time" : {
        "start" : 1618556122016,
        "stop" : 1618556122113,
        "duration" : 97
      }
    } ]
  },
  "c720af959723167099b3f6a981c17e74" : {
    "statistic" : {
      "failed" : 0,
      "broken" : 0,
      "skipped" : 0,
      "passed" : 1,
      "unknown" : 0,
      "total" : 1
    },
    "items" : [ {
      "uid" : "f1675c879370e8ec",
      "status" : "passed",
      "time" : {
        "start" : 1618556106680,
        "stop" : 1618556106769,
        "duration" : 89
      }
    } ]
  },
  "724c87aa4d990bf39b6d1cc9de87c66a" : {
    "statistic" : {
      "failed" : 0,
      "broken" : 0,
      "skipped" : 0,
      "passed" : 1,
      "unknown" : 0,
      "total" : 1
    },
    "items" : [ {
      "uid" : "5b2cb89d0756190",
      "status" : "passed",
      "time" : {
        "start" : 1618556108991,
        "stop" : 1618556109170,
        "duration" : 179
      }
    } ]
  },
  "71b9326bf729429817185fdc32d790e0" : {
    "statistic" : {
      "failed" : 0,
      "broken" : 0,
      "skipped" : 0,
      "passed" : 1,
      "unknown" : 0,
      "total" : 1
    },
    "items" : [ {
      "uid" : "62226401131d0716",
      "status" : "passed",
      "time" : {
        "start" : 1618556112085,
        "stop" : 1618556112188,
        "duration" : 103
      }
    } ]
  },
  "f8575d586b812e43baa336a75b3a4e0c" : {
    "statistic" : {
      "failed" : 0,
      "broken" : 0,
      "skipped" : 0,
      "passed" : 1,
      "unknown" : 0,
      "total" : 1
    },
    "items" : [ {
      "uid" : "cfb4f4b347a439b5",
      "status" : "passed",
      "time" : {
        "start" : 1618556121584,
        "stop" : 1618556121683,
        "duration" : 99
      }
    } ]
  },
  "b14ba01261cdc9519d35503335a2bb9b" : {
    "statistic" : {
      "failed" : 0,
      "broken" : 0,
      "skipped" : 0,
      "passed" : 1,
      "unknown" : 0,
      "total" : 1
    },
    "items" : [ {
      "uid" : "ebb675383182ad6a",
      "status" : "passed",
      "time" : {
        "start" : 1618556117703,
        "stop" : 1618556117791,
        "duration" : 88
      }
    } ]
  },
  "2d35f20e24e2cad793dcd8cacaaf6feb" : {
    "statistic" : {
      "failed" : 0,
      "broken" : 0,
      "skipped" : 0,
      "passed" : 1,
      "unknown" : 0,
      "total" : 1
    },
    "items" : [ {
      "uid" : "e0ed039e56aa874b",
      "status" : "passed",
      "time" : {
        "start" : 1618556104904,
        "stop" : 1618556105031,
        "duration" : 127
      }
    } ]
  },
  "139967ceb2fbcd00f6e7102b914cb21f" : {
    "statistic" : {
      "failed" : 1,
      "broken" : 0,
      "skipped" : 0,
      "passed" : 0,
      "unknown" : 0,
      "total" : 1
    },
    "items" : [ {
      "uid" : "5eb89d5817bee029",
      "status" : "failed",
      "statusDetails" : "AssertionError: assert 403 == 400\n  +403\n  -400",
      "time" : {
        "start" : 1618556115444,
        "stop" : 1618556115637,
        "duration" : 193
      }
    } ]
  },
  "cb6c416bc6768fd4ad5f0263280fd2be" : {
    "statistic" : {
      "failed" : 0,
      "broken" : 0,
      "skipped" : 0,
      "passed" : 1,
      "unknown" : 0,
      "total" : 1
    },
    "items" : [ {
      "uid" : "7f0652a77b6fc2e7",
      "status" : "passed",
      "time" : {
        "start" : 1618556120487,
        "stop" : 1618556120586,
        "duration" : 99
      }
    } ]
  },
  "0615ede6dc88a4093d29448cb3914724" : {
    "statistic" : {
      "failed" : 0,
      "broken" : 0,
      "skipped" : 0,
      "passed" : 1,
      "unknown" : 0,
      "total" : 1
    },
    "items" : [ {
      "uid" : "966f33c0aa1dc7ce",
      "status" : "passed",
      "time" : {
        "start" : 1618556122124,
        "stop" : 1618556122238,
        "duration" : 114
      }
    } ]
  },
  "3e7cbfa75b0ab22de03e77a718c8ffdb" : {
    "statistic" : {
      "failed" : 0,
      "broken" : 0,
      "skipped" : 0,
      "passed" : 1,
      "unknown" : 0,
      "total" : 1
    },
    "items" : [ {
      "uid" : "a111732723e463f1",
      "status" : "passed",
      "time" : {
        "start" : 1618556116722,
        "stop" : 1618556116908,
        "duration" : 186
      }
    } ]
  }
}