[ {
  "uid" : "ca1712d0ea6723cd",
  "name" : "scripts.news.shoutu.test_case_team_pupil_list.TestCase#test_case",
  "time" : {
    "start" : 1618556119373,
    "stop" : 1618556119478,
    "duration" : 105
  },
  "status" : "passed",
  "severity" : "normal"
}, {
  "uid" : "1e073f24fbccadf",
  "name" : "scripts.news.shoutu.test_case_pupil_reward_rule.TestCase#test_case",
  "time" : {
    "start" : 1618556111764,
    "stop" : 1618556111868,
    "duration" : 104
  },
  "status" : "passed",
  "severity" : "normal"
}, {
  "uid" : "3dd0b673b5d30cd8",
  "name" : "scripts.news.shoutu.test_case_team_contribution.TestCase#test_case",
  "time" : {
    "start" : 1618556113494,
    "stop" : 1618556113640,
    "duration" : 146
  },
  "status" : "failed",
  "severity" : "normal"
}, {
  "uid" : "8cbfe851c422ecb6",
  "name" : "scripts.news.shoutu.test_case_categories.TestCase#test_case",
  "time" : {
    "start" : 1618556111024,
    "stop" : 1618556111118,
    "duration" : 94
  },
  "status" : "passed",
  "severity" : "normal"
}, {
  "uid" : "3de00e3b82556fde",
  "name" : "scripts.news.shoutu.test_case_team_contribution.TestCase#test_case",
  "time" : {
    "start" : 1618556113684,
    "stop" : 1618556113773,
    "duration" : 89
  },
  "status" : "passed",
  "severity" : "normal"
}, {
  "uid" : "add3b18db7f18604",
  "name" : "scripts.news.shoutu.test_case_team_contribution.TestCase#test_case",
  "time" : {
    "start" : 1618556112729,
    "stop" : 1618556112823,
    "duration" : 94
  },
  "status" : "passed",
  "severity" : "normal"
}, {
  "uid" : "dff0092bc64abfbc",
  "name" : "scripts.news.shoutu.test_case_team_share.TestCase#test_case",
  "time" : {
    "start" : 1618556123714,
    "stop" : 1618556123811,
    "duration" : 97
  },
  "status" : "passed",
  "severity" : "normal"
}, {
  "uid" : "6a3d18a91b7b210e",
  "name" : "scripts.news.shoutu.test_case_articles_id.TestCase#test_case",
  "time" : {
    "start" : 1618556109979,
    "stop" : 1618556110131,
    "duration" : 152
  },
  "status" : "passed",
  "severity" : "normal"
}, {
  "uid" : "b480b5063f7623af",
  "name" : "scripts.news.shoutu.test_case_articles_id.TestCase#test_case",
  "time" : {
    "start" : 1618556109376,
    "stop" : 1618556109529,
    "duration" : 153
  },
  "status" : "passed",
  "severity" : "normal"
}, {
  "uid" : "85fede7bef0ced61",
  "name" : "scripts.news.shoutu.test_case_team_pupil_list.TestCase#test_case",
  "time" : {
    "start" : 1618556121327,
    "stop" : 1618556121571,
    "duration" : 244
  },
  "status" : "passed",
  "severity" : "normal"
}, {
  "uid" : "dd5a36c91cc814c8",
  "name" : "scripts.news.shoutu.test_case_team_list.TestCase#test_case",
  "time" : {
    "start" : 1618556117430,
    "stop" : 1618556117562,
    "duration" : 132
  },
  "status" : "passed",
  "severity" : "normal"
}, {
  "uid" : "a0e15adc171e8ab3",
  "name" : "scripts.news.shoutu.test_case_team_pupil_list.TestCase#test_case",
  "time" : {
    "start" : 1618556121115,
    "stop" : 1618556121207,
    "duration" : 92
  },
  "status" : "passed",
  "severity" : "normal"
}, {
  "uid" : "de081a60e13d63a9",
  "name" : "scripts.news.shoutu.test_case_pupil_reward_rule.TestCase#test_case",
  "time" : {
    "start" : 1618556111881,
    "stop" : 1618556111969,
    "duration" : 88
  },
  "status" : "passed",
  "severity" : "normal"
}, {
  "uid" : "94a52e95d6557a81",
  "name" : "scripts.news.shoutu.test_case_team_grand_pupilcontribution.TestCase#test_case",
  "time" : {
    "start" : 1618556115036,
    "stop" : 1618556115227,
    "duration" : 191
  },
  "status" : "passed",
  "severity" : "normal"
}, {
  "uid" : "4db9891b1bf9d400",
  "name" : "scripts.news.shoutu.test_case_categories.TestCase#test_case",
  "time" : {
    "start" : 1618556111450,
    "stop" : 1618556111538,
    "duration" : 88
  },
  "status" : "passed",
  "severity" : "normal"
}, {
  "uid" : "f29c8fa5a9f7f729",
  "name" : "scripts.news.shoutu.test_case_categories.TestCase#test_case",
  "time" : {
    "start" : 1618556110914,
    "stop" : 1618556111011,
    "duration" : 97
  },
  "status" : "passed",
  "severity" : "normal"
}, {
  "uid" : "c1f98d3e8e5359ad",
  "name" : "scripts.news.shoutu.test_case_articles.TestCase#test_case",
  "time" : {
    "start" : 1618556104321,
    "stop" : 1618556104416,
    "duration" : 95
  },
  "status" : "passed",
  "severity" : "normal"
}, {
  "uid" : "a1ad946ccb05a904",
  "name" : "scripts.news.shoutu.test_case_team_pupil_list.TestCase#test_case",
  "time" : {
    "start" : 1618556119735,
    "stop" : 1618556119891,
    "duration" : 156
  },
  "status" : "passed",
  "severity" : "normal"
}, {
  "uid" : "3242f03a398bb4eb",
  "name" : "scripts.news.shoutu.test_case_team_pupil_list.TestCase#test_case",
  "time" : {
    "start" : 1618556118198,
    "stop" : 1618556118294,
    "duration" : 96
  },
  "status" : "passed",
  "severity" : "normal"
}, {
  "uid" : "896e963324047589",
  "name" : "scripts.news.shoutu.test_case_articles.TestCase#test_case",
  "time" : {
    "start" : 1618556104205,
    "stop" : 1618556104310,
    "duration" : 105
  },
  "status" : "passed",
  "severity" : "normal"
}, {
  "uid" : "e80c1c0619239ad3",
  "name" : "scripts.news.shoutu.test_case_team_contribution.TestCase#test_case",
  "time" : {
    "start" : 1618556113782,
    "stop" : 1618556113878,
    "duration" : 96
  },
  "status" : "passed",
  "severity" : "normal"
}, {
  "uid" : "d2890e03595a9ea6",
  "name" : "scripts.news.shoutu.test_case_articles_collect.TestCase#test_case",
  "time" : {
    "start" : 1618556108021,
    "stop" : 1618556108118,
    "duration" : 97
  },
  "status" : "passed",
  "severity" : "normal"
}, {
  "uid" : "f2877513e3ed13b",
  "name" : "scripts.news.shoutu.test_case_team_pupilcontribution.TestCase#test_case",
  "time" : {
    "start" : 1618556122596,
    "stop" : 1618556122683,
    "duration" : 87
  },
  "status" : "passed",
  "severity" : "normal"
}, {
  "uid" : "475c5ff0b4ca1c5b",
  "name" : "scripts.news.shoutu.test_case_team_pupil_list.TestCase#test_case",
  "time" : {
    "start" : 1618556117912,
    "stop" : 1618556118028,
    "duration" : 116
  },
  "status" : "passed",
  "severity" : "normal"
}, {
  "uid" : "3c325ed3fabe4df5",
  "name" : "scripts.news.shoutu.test_case_team_share.TestCase#test_case",
  "time" : {
    "start" : 1618556123597,
    "stop" : 1618556123697,
    "duration" : 100
  },
  "status" : "failed",
  "severity" : "normal"
}, {
  "uid" : "cfb4f4b347a439b5",
  "name" : "scripts.news.shoutu.test_case_team_pupil_list.TestCase#test_case",
  "time" : {
    "start" : 1618556121584,
    "stop" : 1618556121683,
    "duration" : 99
  },
  "status" : "passed",
  "severity" : "normal"
}, {
  "uid" : "c1f4af51b10877ac",
  "name" : "scripts.news.shoutu.test_case_categories.TestCase#test_case",
  "time" : {
    "start" : 1618556111341,
    "stop" : 1618556111439,
    "duration" : 98
  },
  "status" : "passed",
  "severity" : "normal"
}, {
  "uid" : "ccd15271f1289cc2",
  "name" : "scripts.news.shoutu.test_case_articles_collect.TestCase#test_case",
  "time" : {
    "start" : 1618556106893,
    "stop" : 1618556106990,
    "duration" : 97
  },
  "status" : "passed",
  "severity" : "normal"
}, {
  "uid" : "ff183044059ab254",
  "name" : "scripts.news.shoutu.test_case_team_contribution.TestCase#test_case",
  "time" : {
    "start" : 1618556113267,
    "stop" : 1618556113379,
    "duration" : 112
  },
  "status" : "passed",
  "severity" : "normal"
}, {
  "uid" : "8be9fe7e6ccee2b5",
  "name" : "scripts.news.shoutu.test_case_articles.TestCase#test_case",
  "time" : {
    "start" : 1618556104543,
    "stop" : 1618556104637,
    "duration" : 94
  },
  "status" : "passed",
  "severity" : "normal"
}, {
  "uid" : "12b455cef58bc973",
  "name" : "scripts.news.shoutu.test_case_articles.TestCase#test_case",
  "time" : {
    "start" : 1618556103409,
    "stop" : 1618556103513,
    "duration" : 104
  },
  "status" : "passed",
  "severity" : "normal"
}, {
  "uid" : "ebb675383182ad6a",
  "name" : "scripts.news.shoutu.test_case_team_list.TestCase#test_case",
  "time" : {
    "start" : 1618556117703,
    "stop" : 1618556117791,
    "duration" : 88
  },
  "status" : "passed",
  "severity" : "normal"
}, {
  "uid" : "10603b9fd93879ea",
  "name" : "scripts.news.shoutu.test_case_team_grand_pupilcontribution.TestCase#test_case",
  "time" : {
    "start" : 1618556115654,
    "stop" : 1618556115843,
    "duration" : 189
  },
  "status" : "passed",
  "severity" : "normal"
}, {
  "uid" : "fcb72397bc6d2379",
  "name" : "scripts.news.shoutu.test_case_pupil_reward_rule.TestCase#test_case",
  "time" : {
    "start" : 1618556112409,
    "stop" : 1618556112505,
    "duration" : 96
  },
  "status" : "passed",
  "severity" : "normal"
}, {
  "uid" : "e31f6a2c657551de",
  "name" : "scripts.news.shoutu.test_case_articles.TestCase#test_case",
  "time" : {
    "start" : 1618556104781,
    "stop" : 1618556104891,
    "duration" : 110
  },
  "status" : "passed",
  "severity" : "normal"
}, {
  "uid" : "cb023ed1b5ca0648",
  "name" : "scripts.news.shoutu.test_case_categories.TestCase#test_case",
  "time" : {
    "start" : 1618556111130,
    "stop" : 1618556111230,
    "duration" : 100
  },
  "status" : "passed",
  "severity" : "normal"
}, {
  "uid" : "589dae7f56191318",
  "name" : "scripts.news.shoutu.test_case_team_pupil_list.TestCase#test_case",
  "time" : {
    "start" : 1618556118447,
    "stop" : 1618556118577,
    "duration" : 130
  },
  "status" : "passed",
  "severity" : "normal"
}, {
  "uid" : "6a6236ccc5bdadaa",
  "name" : "scripts.news.shoutu.test_case_articles_collect.TestCase#test_case",
  "time" : {
    "start" : 1618556107662,
    "stop" : 1618556107774,
    "duration" : 112
  },
  "status" : "passed",
  "severity" : "normal"
}, {
  "uid" : "e21fbd49faac6b3a",
  "name" : "scripts.news.shoutu.test_case_articles.TestCase#test_case",
  "time" : {
    "start" : 1618556102686,
    "stop" : 1618556102792,
    "duration" : 106
  },
  "status" : "passed",
  "severity" : "normal"
}, {
  "uid" : "9770f45a6610bd94",
  "name" : "scripts.news.shoutu.test_case_team_share.TestCase#test_case",
  "time" : {
    "start" : 1618556123474,
    "stop" : 1618556123587,
    "duration" : 113
  },
  "status" : "passed",
  "severity" : "normal"
}, {
  "uid" : "ef85b868b6d187f9",
  "name" : "scripts.news.shoutu.test_case_team_pupilcontribution.TestCase#test_case",
  "time" : {
    "start" : 1618556122248,
    "stop" : 1618556122356,
    "duration" : 108
  },
  "status" : "passed",
  "severity" : "normal"
}, {
  "uid" : "4a5e1a6b60d33dfa",
  "name" : "scripts.news.shoutu.test_case_pupil_reward_rule.TestCase#test_case",
  "time" : {
    "start" : 1618556112518,
    "stop" : 1618556112604,
    "duration" : 86
  },
  "status" : "passed",
  "severity" : "normal"
}, {
  "uid" : "1a42334f636ae97f",
  "name" : "scripts.news.shoutu.test_case_articles.TestCase#test_case",
  "time" : {
    "start" : 1618556103046,
    "stop" : 1618556103153,
    "duration" : 107
  },
  "status" : "passed",
  "severity" : "normal"
}, {
  "uid" : "e0ed039e56aa874b",
  "name" : "scripts.news.shoutu.test_case_articles.TestCase#test_case",
  "time" : {
    "start" : 1618556104904,
    "stop" : 1618556105031,
    "duration" : 127
  },
  "status" : "passed",
  "severity" : "normal"
}, {
  "uid" : "c3c24ae60550d09c",
  "name" : "scripts.news.shoutu.test_case_articles_collect.TestCase#test_case",
  "time" : {
    "start" : 1618556106550,
    "stop" : 1618556106670,
    "duration" : 120
  },
  "status" : "passed",
  "severity" : "normal"
}, {
  "uid" : "3a45706acfa35071",
  "name" : "scripts.news.shoutu.test_case_team_contribution.TestCase#test_case",
  "time" : {
    "start" : 1618556113154,
    "stop" : 1618556113258,
    "duration" : 104
  },
  "status" : "passed",
  "severity" : "normal"
}, {
  "uid" : "3e505fdde869ed1a",
  "name" : "scripts.news.shoutu.test_case_team_pupilcontribution.TestCase#test_case",
  "time" : {
    "start" : 1618556121694,
    "stop" : 1618556121786,
    "duration" : 92
  },
  "status" : "passed",
  "severity" : "normal"
}, {
  "uid" : "212c1b4638db551f",
  "name" : "scripts.news.shoutu.test_case_team_pupil_list.TestCase#test_case",
  "time" : {
    "start" : 1618556120120,
    "stop" : 1618556120245,
    "duration" : 125
  },
  "status" : "failed",
  "severity" : "normal"
}, {
  "uid" : "287d3e6ef8c4f09",
  "name" : "scripts.news.shoutu.test_case_categories.TestCase#test_case",
  "time" : {
    "start" : 1618556111240,
    "stop" : 1618556111329,
    "duration" : 89
  },
  "status" : "passed",
  "severity" : "normal"
}, {
  "uid" : "ffa2e06b154ca72",
  "name" : "scripts.news.shoutu.test_case_team_grand_pupilcontribution.TestCase#test_case",
  "time" : {
    "start" : 1618556113892,
    "stop" : 1618556114202,
    "duration" : 310
  },
  "status" : "passed",
  "severity" : "normal"
}, {
  "uid" : "4d1fb26f4c374d85",
  "name" : "scripts.news.shoutu.test_case_team_pupil_list.TestCase#test_case",
  "time" : {
    "start" : 1618556120706,
    "stop" : 1618556120799,
    "duration" : 93
  },
  "status" : "passed",
  "severity" : "normal"
}, {
  "uid" : "50fec9a88b6be408",
  "name" : "scripts.news.shoutu.test_case_articles_collect.TestCase#test_case",
  "time" : {
    "start" : 1618556107785,
    "stop" : 1618556107888,
    "duration" : 103
  },
  "status" : "passed",
  "severity" : "normal"
}, {
  "uid" : "ca91d6c1396b124e",
  "name" : "scripts.news.shoutu.test_case_articles.TestCase#test_case",
  "time" : {
    "start" : 1618556102311,
    "stop" : 1618556102419,
    "duration" : 108
  },
  "status" : "passed",
  "severity" : "normal"
}, {
  "uid" : "82c0e134aa56837d",
  "name" : "scripts.news.shoutu.test_case_team_contribution.TestCase#test_case",
  "time" : {
    "start" : 1618556112951,
    "stop" : 1618556113036,
    "duration" : 85
  },
  "status" : "passed",
  "severity" : "normal"
}, {
  "uid" : "243d29d90da088d6",
  "name" : "scripts.news.shoutu.test_case_team_grand_pupilcontribution.TestCase#test_case",
  "time" : {
    "start" : 1618556114213,
    "stop" : 1618556114346,
    "duration" : 133
  },
  "status" : "passed",
  "severity" : "normal"
}, {
  "uid" : "b41fff6ccbcf0598",
  "name" : "scripts.news.shoutu.test_case_articles_collect.TestCase#test_case",
  "time" : {
    "start" : 1618556107327,
    "stop" : 1618556107423,
    "duration" : 96
  },
  "status" : "passed",
  "severity" : "normal"
}, {
  "uid" : "de2a1a3ece2d4fbf",
  "name" : "scripts.news.shoutu.test_case_articles_collect.TestCase#test_case",
  "time" : {
    "start" : 1618556107435,
    "stop" : 1618556107538,
    "duration" : 103
  },
  "status" : "passed",
  "severity" : "normal"
}, {
  "uid" : "b76ae36fb6aefd49",
  "name" : "scripts.news.shoutu.test_case_articles_collect.TestCase#test_case",
  "time" : {
    "start" : 1618556107903,
    "stop" : 1618556108008,
    "duration" : 105
  },
  "status" : "passed",
  "severity" : "normal"
}, {
  "uid" : "e545a6e7986e96b4",
  "name" : "scripts.news.shoutu.test_case_team_pupilcontribution.TestCase#test_case",
  "time" : {
    "start" : 1618556122365,
    "stop" : 1618556122455,
    "duration" : 90
  },
  "status" : "passed",
  "severity" : "normal"
}, {
  "uid" : "b94c3ed73345930e",
  "name" : "scripts.news.shoutu.test_case_articles.TestCase#test_case",
  "time" : {
    "start" : 1618556102189,
    "stop" : 1618556102296,
    "duration" : 107
  },
  "status" : "passed",
  "severity" : "normal"
}, {
  "uid" : "12861fd3f1cd2446",
  "name" : "scripts.news.shoutu.test_case_articles.TestCase#test_case",
  "time" : {
    "start" : 1618556102079,
    "stop" : 1618556102179,
    "duration" : 100
  },
  "status" : "passed",
  "severity" : "normal"
}, {
  "uid" : "86f934977903384c",
  "name" : "scripts.news.shoutu.test_case_team_share.TestCase#test_case",
  "time" : {
    "start" : 1618556123129,
    "stop" : 1618556123225,
    "duration" : 96
  },
  "status" : "passed",
  "severity" : "normal"
}, {
  "uid" : "a1975822404e7c0e",
  "name" : "scripts.news.shoutu.test_case_articles.TestCase#test_case",
  "time" : {
    "start" : 1618556104648,
    "stop" : 1618556104771,
    "duration" : 123
  },
  "status" : "passed",
  "severity" : "normal"
}, {
  "uid" : "21dc51d1355f6552",
  "name" : "scripts.news.shoutu.test_case_articles_id.TestCase#test_case",
  "time" : {
    "start" : 1618556108523,
    "stop" : 1618556108678,
    "duration" : 155
  },
  "status" : "passed",
  "severity" : "normal"
}, {
  "uid" : "832bbfe4e6c77ecf",
  "name" : "scripts.news.shoutu.test_case_articles_collect.TestCase#test_case",
  "time" : {
    "start" : 1618556105796,
    "stop" : 1618556105883,
    "duration" : 87
  },
  "status" : "passed",
  "severity" : "normal"
}, {
  "uid" : "e74bc8e61725709c",
  "name" : "scripts.news.shoutu.test_case_articles.TestCase#test_case",
  "time" : {
    "start" : 1618556103880,
    "stop" : 1618556103975,
    "duration" : 95
  },
  "status" : "passed",
  "severity" : "normal"
}, {
  "uid" : "b171f726305fc3f3",
  "name" : "scripts.news.shoutu.test_case_team_pupil_list.TestCase#test_case",
  "time" : {
    "start" : 1618556120369,
    "stop" : 1618556120476,
    "duration" : 107
  },
  "status" : "passed",
  "severity" : "normal"
}, {
  "uid" : "d7fa225c418dc74",
  "name" : "scripts.news.shoutu.test_case_articles_collect.TestCase#test_case",
  "time" : {
    "start" : 1618556106781,
    "stop" : 1618556106883,
    "duration" : 102
  },
  "status" : "passed",
  "severity" : "normal"
}, {
  "uid" : "2a91430bb031cf7",
  "name" : "scripts.news.shoutu.test_case_articles_id.TestCase#test_case",
  "time" : {
    "start" : 1618556108855,
    "stop" : 1618556108980,
    "duration" : 125
  },
  "status" : "passed",
  "severity" : "normal"
}, {
  "uid" : "d2d1f19dbf4f05b0",
  "name" : "scripts.news.shoutu.test_case_articles_collect.TestCase#test_case",
  "time" : {
    "start" : 1618556105896,
    "stop" : 1618556105989,
    "duration" : 93
  },
  "status" : "passed",
  "severity" : "normal"
}, {
  "uid" : "9cc6cab248313993",
  "name" : "scripts.news.shoutu.test_case_team_pupilcontribution.TestCase#test_case",
  "time" : {
    "start" : 1618556121798,
    "stop" : 1618556121905,
    "duration" : 107
  },
  "status" : "passed",
  "severity" : "normal"
}, {
  "uid" : "5d2b427126ef0b98",
  "name" : "scripts.news.shoutu.test_case_team_share.TestCase#test_case",
  "time" : {
    "start" : 1618556122913,
    "stop" : 1618556123021,
    "duration" : 108
  },
  "status" : "passed",
  "severity" : "normal"
}, {
  "uid" : "e89e1fe20d5d6107",
  "name" : "scripts.news.shoutu.test_case_team_pupil_list.TestCase#test_case",
  "time" : {
    "start" : 1618556120017,
    "stop" : 1618556120109,
    "duration" : 92
  },
  "status" : "passed",
  "severity" : "normal"
}, {
  "uid" : "c568e2201534a5b6",
  "name" : "scripts.news.shoutu.test_case_team_pupil_list.TestCase#test_case",
  "time" : {
    "start" : 1618556120809,
    "stop" : 1618556120895,
    "duration" : 86
  },
  "status" : "passed",
  "severity" : "normal"
}, {
  "uid" : "2bbac838e02c5421",
  "name" : "scripts.news.shoutu.test_case_articles.TestCase#test_case",
  "time" : {
    "start" : 1618556103647,
    "stop" : 1618556103753,
    "duration" : 106
  },
  "status" : "passed",
  "severity" : "normal"
}, {
  "uid" : "7e82996d06726bf4",
  "name" : "scripts.news.shoutu.test_case_articles_id.TestCase#test_case",
  "time" : {
    "start" : 1618556110342,
    "stop" : 1618556110478,
    "duration" : 136
  },
  "status" : "passed",
  "severity" : "normal"
}, {
  "uid" : "939cbfcdd62a0c82",
  "name" : "scripts.news.shoutu.test_case_articles.TestCase#test_case",
  "time" : {
    "start" : 1618556101683,
    "stop" : 1618556101804,
    "duration" : 121
  },
  "status" : "passed",
  "severity" : "normal"
}, {
  "uid" : "dbd00e9b827f982a",
  "name" : "scripts.news.shoutu.test_case_articles.TestCase#test_case",
  "time" : {
    "start" : 1618556102923,
    "stop" : 1618556103034,
    "duration" : 111
  },
  "status" : "passed",
  "severity" : "normal"
}, {
  "uid" : "5b2cb89d0756190",
  "name" : "scripts.news.shoutu.test_case_articles_id.TestCase#test_case",
  "time" : {
    "start" : 1618556108991,
    "stop" : 1618556109170,
    "duration" : 179
  },
  "status" : "passed",
  "severity" : "normal"
}, {
  "uid" : "1b2d6f4f04d6969e",
  "name" : "scripts.news.shoutu.test_case_team_grand_pupilcontribution.TestCase#test_case",
  "time" : {
    "start" : 1618556114634,
    "stop" : 1618556114818,
    "duration" : 184
  },
  "status" : "passed",
  "severity" : "normal"
}, {
  "uid" : "87ab94de023368ef",
  "name" : "scripts.news.shoutu.test_case_articles.TestCase#test_case",
  "time" : {
    "start" : 1618556101818,
    "stop" : 1618556101939,
    "duration" : 121
  },
  "status" : "passed",
  "severity" : "normal"
}, {
  "uid" : "d369738ab3fe1829",
  "name" : "scripts.news.shoutu.test_case_team_list.TestCase#test_case",
  "time" : {
    "start" : 1618556117802,
    "stop" : 1618556117901,
    "duration" : 99
  },
  "status" : "passed",
  "severity" : "normal"
}, {
  "uid" : "7f0652a77b6fc2e7",
  "name" : "scripts.news.shoutu.test_case_team_pupil_list.TestCase#test_case",
  "time" : {
    "start" : 1618556120487,
    "stop" : 1618556120586,
    "duration" : 99
  },
  "status" : "passed",
  "severity" : "normal"
}, {
  "uid" : "8e49105697fd1259",
  "name" : "scripts.news.shoutu.test_case_team_grand_pupilcontribution.TestCase#test_case",
  "time" : {
    "start" : 1618556114827,
    "stop" : 1618556115023,
    "duration" : 196
  },
  "status" : "passed",
  "severity" : "normal"
}, {
  "uid" : "87b0d9c3d379b2b",
  "name" : "scripts.news.shoutu.test_case_articles_collect.TestCase#test_case",
  "time" : {
    "start" : 1618556106325,
    "stop" : 1618556106429,
    "duration" : 104
  },
  "status" : "passed",
  "severity" : "normal"
}, {
  "uid" : "e55c1bd2b67c794",
  "name" : "scripts.news.shoutu.test_case_team_pupil_list.TestCase#test_case",
  "time" : {
    "start" : 1618556118983,
    "stop" : 1618556119123,
    "duration" : 140
  },
  "status" : "failed",
  "severity" : "normal"
}, {
  "uid" : "2c5a990da5669125",
  "name" : "scripts.news.shoutu.test_case_articles.TestCase#test_case",
  "time" : {
    "start" : 1618556102805,
    "stop" : 1618556102914,
    "duration" : 109
  },
  "status" : "passed",
  "severity" : "normal"
}, {
  "uid" : "d030bda3dbdd04d1",
  "name" : "scripts.news.shoutu.test_case_pupil_reward_rule.TestCase#test_case",
  "time" : {
    "start" : 1618556111654,
    "stop" : 1618556111752,
    "duration" : 98
  },
  "status" : "passed",
  "severity" : "normal"
}, {
  "uid" : "93169c712a096af",
  "name" : "scripts.news.shoutu.test_case_articles_collect.TestCase#test_case",
  "time" : {
    "start" : 1618556106217,
    "stop" : 1618556106315,
    "duration" : 98
  },
  "status" : "passed",
  "severity" : "normal"
}, {
  "uid" : "40db1253d1402236",
  "name" : "scripts.news.shoutu.test_case_team_contribution.TestCase#test_case",
  "time" : {
    "start" : 1618556113388,
    "stop" : 1618556113485,
    "duration" : 97
  },
  "status" : "passed",
  "severity" : "normal"
}, {
  "uid" : "9f0d0e662225e279",
  "name" : "scripts.news.shoutu.test_case_articles_id.TestCase#test_case",
  "time" : {
    "start" : 1618556109181,
    "stop" : 1618556109366,
    "duration" : 185
  },
  "status" : "passed",
  "severity" : "normal"
}, {
  "uid" : "15adb4426d5d615b",
  "name" : "scripts.news.shoutu.test_case_team_pupil_list.TestCase#test_case",
  "time" : {
    "start" : 1618556120596,
    "stop" : 1618556120694,
    "duration" : 98
  },
  "status" : "passed",
  "severity" : "normal"
}, {
  "uid" : "67003a03a6fe2a8d",
  "name" : "scripts.news.shoutu.test_case_articles.TestCase#test_case",
  "time" : {
    "start" : 1618556102556,
    "stop" : 1618556102673,
    "duration" : 117
  },
  "status" : "passed",
  "severity" : "normal"
}, {
  "uid" : "5eb89d5817bee029",
  "name" : "scripts.news.shoutu.test_case_team_grand_pupilcontribution.TestCase#test_case",
  "time" : {
    "start" : 1618556115444,
    "stop" : 1618556115637,
    "duration" : 193
  },
  "status" : "failed",
  "severity" : "normal"
}, {
  "uid" : "5021f2df6ff806a",
  "name" : "scripts.news.shoutu.test_case_team_pupilcontribution.TestCase#test_case",
  "time" : {
    "start" : 1618556122016,
    "stop" : 1618556122113,
    "duration" : 97
  },
  "status" : "passed",
  "severity" : "normal"
}, {
  "uid" : "a5dc2e23a035b277",
  "name" : "scripts.news.shoutu.test_case_articles_collect.TestCase#test_case",
  "time" : {
    "start" : 1618556105452,
    "stop" : 1618556105552,
    "duration" : 100
  },
  "status" : "passed",
  "severity" : "normal"
}, {
  "uid" : "1b498c7169cf2ffd",
  "name" : "scripts.news.shoutu.test_case_articles.TestCase#test_case",
  "time" : {
    "start" : 1618556105289,
    "stop" : 1618556105439,
    "duration" : 150
  },
  "status" : "passed",
  "severity" : "normal"
}, {
  "uid" : "8f24f92c8ae39815",
  "name" : "scripts.news.shoutu.test_case_articles_collect.TestCase#test_case",
  "time" : {
    "start" : 1618556108130,
    "stop" : 1618556108236,
    "duration" : 106
  },
  "status" : "passed",
  "severity" : "normal"
}, {
  "uid" : "d73cc9c48c31065",
  "name" : "scripts.news.shoutu.test_case_team_share.TestCase#test_case",
  "time" : {
    "start" : 1618556123823,
    "stop" : 1618556123922,
    "duration" : 99
  },
  "status" : "passed",
  "severity" : "normal"
}, {
  "uid" : "f492ce898ed96fe",
  "name" : "scripts.news.shoutu.test_case_team_pupil_list.TestCase#test_case",
  "time" : {
    "start" : 1618556118703,
    "stop" : 1618556118826,
    "duration" : 123
  },
  "status" : "passed",
  "severity" : "normal"
}, {
  "uid" : "62226401131d0716",
  "name" : "scripts.news.shoutu.test_case_pupil_reward_rule.TestCase#test_case",
  "time" : {
    "start" : 1618556112085,
    "stop" : 1618556112188,
    "duration" : 103
  },
  "status" : "passed",
  "severity" : "normal"
}, {
  "uid" : "99b2c6bf7642b0df",
  "name" : "scripts.news.shoutu.test_case_articles.TestCase#test_case",
  "time" : {
    "start" : 1618556105043,
    "stop" : 1618556105145,
    "duration" : 102
  },
  "status" : "passed",
  "severity" : "normal"
}, {
  "uid" : "dd034331f57106f",
  "name" : "scripts.news.shoutu.test_case_pupil_reward_rule.TestCase#test_case",
  "time" : {
    "start" : 1618556112199,
    "stop" : 1618556112299,
    "duration" : 100
  },
  "status" : "passed",
  "severity" : "normal"
}, {
  "uid" : "d25b00a0cd53f7af",
  "name" : "scripts.news.shoutu.test_case_articles.TestCase#test_case",
  "time" : {
    "start" : 1618556104425,
    "stop" : 1618556104530,
    "duration" : 105
  },
  "status" : "passed",
  "severity" : "normal"
}, {
  "uid" : "b6c13188931e80b6",
  "name" : "scripts.news.shoutu.test_case_team_list.TestCase#test_case",
  "time" : {
    "start" : 1618556116918,
    "stop" : 1618556117128,
    "duration" : 210
  },
  "status" : "passed",
  "severity" : "normal"
}, {
  "uid" : "6a33878dddc5b0d8",
  "name" : "scripts.news.shoutu.test_case_team_pupil_list.TestCase#test_case",
  "time" : {
    "start" : 1618556119138,
    "stop" : 1618556119246,
    "duration" : 108
  },
  "status" : "passed",
  "severity" : "normal"
}, {
  "uid" : "3ac3b359b05cb9ea",
  "name" : "scripts.news.shoutu.test_case_team_contribution.TestCase#test_case",
  "time" : {
    "start" : 1618556112834,
    "stop" : 1618556112934,
    "duration" : 100
  },
  "status" : "passed",
  "severity" : "normal"
}, {
  "uid" : "1df3299694b1b118",
  "name" : "scripts.news.shoutu.test_case_team_share.TestCase#test_case",
  "time" : {
    "start" : 1618556122798,
    "stop" : 1618556122901,
    "duration" : 103
  },
  "status" : "passed",
  "severity" : "normal"
}, {
  "uid" : "e5c05bde49292ce9",
  "name" : "scripts.news.shoutu.test_case_articles_collect.TestCase#test_case",
  "time" : {
    "start" : 1618556105565,
    "stop" : 1618556105665,
    "duration" : 100
  },
  "status" : "passed",
  "severity" : "normal"
}, {
  "uid" : "d018bfe775b58eee",
  "name" : "scripts.news.shoutu.test_case_team_pupil_list.TestCase#test_case",
  "time" : {
    "start" : 1618556120906,
    "stop" : 1618556120998,
    "duration" : 92
  },
  "status" : "passed",
  "severity" : "normal"
}, {
  "uid" : "4d0395156bafb3af",
  "name" : "scripts.news.shoutu.test_case_pupil_reward_rule.TestCase#test_case",
  "time" : {
    "start" : 1618556111980,
    "stop" : 1618556112074,
    "duration" : 94
  },
  "status" : "passed",
  "severity" : "normal"
}, {
  "uid" : "3fc65a6d1069aece",
  "name" : "scripts.news.shoutu.test_case_articles_collect.TestCase#test_case",
  "time" : {
    "start" : 1618556107548,
    "stop" : 1618556107652,
    "duration" : 104
  },
  "status" : "passed",
  "severity" : "normal"
}, {
  "uid" : "d5b7df2da6f022c9",
  "name" : "scripts.news.shoutu.test_case_articles_id.TestCase#test_case",
  "time" : {
    "start" : 1618556109702,
    "stop" : 1618556109858,
    "duration" : 156
  },
  "status" : "passed",
  "severity" : "normal"
}, {
  "uid" : "a2aab3b45ffa78aa",
  "name" : "scripts.news.shoutu.test_case_team_pupilcontribution.TestCase#test_case",
  "time" : {
    "start" : 1618556122467,
    "stop" : 1618556122582,
    "duration" : 115
  },
  "status" : "failed",
  "severity" : "normal"
}, {
  "uid" : "7c99d95a9bfd4956",
  "name" : "scripts.news.shoutu.test_case_team_grand_pupilcontribution.TestCase#test_case",
  "time" : {
    "start" : 1618556114356,
    "stop" : 1618556114624,
    "duration" : 268
  },
  "status" : "passed",
  "severity" : "normal"
}, {
  "uid" : "67e172056cd4450d",
  "name" : "scripts.news.shoutu.test_case_team_pupil_list.TestCase#test_case",
  "time" : {
    "start" : 1618556119902,
    "stop" : 1618556120006,
    "duration" : 104
  },
  "status" : "passed",
  "severity" : "normal"
}, {
  "uid" : "966f33c0aa1dc7ce",
  "name" : "scripts.news.shoutu.test_case_team_pupilcontribution.TestCase#test_case",
  "time" : {
    "start" : 1618556122124,
    "stop" : 1618556122238,
    "duration" : 114
  },
  "status" : "passed",
  "severity" : "normal"
}, {
  "uid" : "7894755f2aaaa78a",
  "name" : "scripts.news.shoutu.test_case_team_list.TestCase#test_case",
  "time" : {
    "start" : 1618556116320,
    "stop" : 1618556116517,
    "duration" : 197
  },
  "status" : "passed",
  "severity" : "normal"
}, {
  "uid" : "7cf541dbcee53332",
  "name" : "scripts.news.shoutu.test_case_team_list.TestCase#test_case",
  "time" : {
    "start" : 1618556116102,
    "stop" : 1618556116309,
    "duration" : 207
  },
  "status" : "passed",
  "severity" : "normal"
}, {
  "uid" : "8f356e9245b0ef8",
  "name" : "scripts.news.shoutu.test_case_team_list.TestCase#test_case",
  "time" : {
    "start" : 1618556116528,
    "stop" : 1618556116711,
    "duration" : 183
  },
  "status" : "passed",
  "severity" : "normal"
}, {
  "uid" : "db8e792ed4fd00a3",
  "name" : "scripts.news.shoutu.test_case_team_pupil_list.TestCase#test_case",
  "time" : {
    "start" : 1618556118039,
    "stop" : 1618556118188,
    "duration" : 149
  },
  "status" : "passed",
  "severity" : "normal"
}, {
  "uid" : "e2701f2896090e01",
  "name" : "scripts.news.shoutu.test_case_categories.TestCase#test_case",
  "time" : {
    "start" : 1618556110813,
    "stop" : 1618556110904,
    "duration" : 91
  },
  "status" : "passed",
  "severity" : "normal"
}, {
  "uid" : "a111732723e463f1",
  "name" : "scripts.news.shoutu.test_case_team_list.TestCase#test_case",
  "time" : {
    "start" : 1618556116722,
    "stop" : 1618556116908,
    "duration" : 186
  },
  "status" : "passed",
  "severity" : "normal"
}, {
  "uid" : "4dd45c60e20e9853",
  "name" : "scripts.news.shoutu.test_case_articles_id.TestCase#test_case",
  "time" : {
    "start" : 1618556108352,
    "stop" : 1618556108511,
    "duration" : 159
  },
  "status" : "passed",
  "severity" : "normal"
}, {
  "uid" : "81ed15be8fce7d5d",
  "name" : "scripts.news.shoutu.test_case_team_pupilcontribution.TestCase#test_case",
  "time" : {
    "start" : 1618556121914,
    "stop" : 1618556122004,
    "duration" : 90
  },
  "status" : "passed",
  "severity" : "normal"
}, {
  "uid" : "bd0feea15cdd169b",
  "name" : "scripts.news.shoutu.test_case_categories.TestCase#test_case",
  "time" : {
    "start" : 1618556110591,
    "stop" : 1618556110686,
    "duration" : 95
  },
  "status" : "passed",
  "severity" : "normal"
}, {
  "uid" : "8f168370ffec0230",
  "name" : "scripts.news.shoutu.test_case_articles_collect.TestCase#test_case",
  "time" : {
    "start" : 1618556107216,
    "stop" : 1618556107314,
    "duration" : 98
  },
  "status" : "passed",
  "severity" : "normal"
}, {
  "uid" : "3b972024c48d5e4b",
  "name" : "scripts.news.shoutu.test_case_team_contribution.TestCase#test_case",
  "time" : {
    "start" : 1618556113046,
    "stop" : 1618556113143,
    "duration" : 97
  },
  "status" : "passed",
  "severity" : "normal"
}, {
  "uid" : "75f2d78c4aa878d0",
  "name" : "scripts.news.shoutu.test_case_articles_collect.TestCase#test_case",
  "time" : {
    "start" : 1618556106440,
    "stop" : 1618556106539,
    "duration" : 99
  },
  "status" : "passed",
  "severity" : "normal"
}, {
  "uid" : "edcc08f358568877",
  "name" : "scripts.news.shoutu.test_case_team_pupil_list.TestCase#test_case",
  "time" : {
    "start" : 1618556118589,
    "stop" : 1618556118694,
    "duration" : 105
  },
  "status" : "passed",
  "severity" : "normal"
}, {
  "uid" : "fb257992aff6712b",
  "name" : "scripts.news.shoutu.test_case_team_pupil_list.TestCase#test_case",
  "time" : {
    "start" : 1618556118837,
    "stop" : 1618556118968,
    "duration" : 131
  },
  "status" : "failed",
  "severity" : "normal"
}, {
  "uid" : "5e5a7a4c29fe2490",
  "name" : "scripts.news.shoutu.test_case_team_list.TestCase#test_case",
  "time" : {
    "start" : 1618556117573,
    "stop" : 1618556117690,
    "duration" : 117
  },
  "status" : "failed",
  "severity" : "normal"
}, {
  "uid" : "ec2e18ecc1f15f26",
  "name" : "scripts.news.shoutu.test_case_pupil_reward_rule.TestCase#test_case",
  "time" : {
    "start" : 1618556112614,
    "stop" : 1618556112716,
    "duration" : 102
  },
  "status" : "passed",
  "severity" : "normal"
}, {
  "uid" : "8e209bae144cfac2",
  "name" : "scripts.news.shoutu.test_case_team_grand_pupilcontribution.TestCase#test_case",
  "time" : {
    "start" : 1618556115854,
    "stop" : 1618556116091,
    "duration" : 237
  },
  "status" : "passed",
  "severity" : "normal"
}, {
  "uid" : "698d77b5654fc05",
  "name" : "scripts.news.shoutu.test_case_articles_id.TestCase#test_case",
  "time" : {
    "start" : 1618556110142,
    "stop" : 1618556110332,
    "duration" : 190
  },
  "status" : "passed",
  "severity" : "normal"
}, {
  "uid" : "ce99c4645eafbfdd",
  "name" : "scripts.news.shoutu.test_case_team_pupil_list.TestCase#test_case",
  "time" : {
    "start" : 1618556121008,
    "stop" : 1618556121101,
    "duration" : 93
  },
  "status" : "passed",
  "severity" : "normal"
}, {
  "uid" : "b8245937b95b720c",
  "name" : "scripts.news.shoutu.test_case_articles_collect.TestCase#test_case",
  "time" : {
    "start" : 1618556107001,
    "stop" : 1618556107106,
    "duration" : 105
  },
  "status" : "passed",
  "severity" : "normal"
}, {
  "uid" : "a7d6d8400becd6a",
  "name" : "scripts.news.shoutu.test_case_articles.TestCase#test_case",
  "time" : {
    "start" : 1618556103765,
    "stop" : 1618556103870,
    "duration" : 105
  },
  "status" : "passed",
  "severity" : "normal"
}, {
  "uid" : "a10584a1958fa56c",
  "name" : "scripts.news.shoutu.test_case_team_pupil_list.TestCase#test_case",
  "time" : {
    "start" : 1618556119257,
    "stop" : 1618556119362,
    "duration" : 105
  },
  "status" : "passed",
  "severity" : "normal"
}, {
  "uid" : "7f58aa2cb3deda2d",
  "name" : "scripts.news.shoutu.test_case_categories.TestCase#test_case",
  "time" : {
    "start" : 1618556111550,
    "stop" : 1618556111643,
    "duration" : 93
  },
  "status" : "passed",
  "severity" : "normal"
}, {
  "uid" : "c57a6713326fc3ce",
  "name" : "scripts.news.shoutu.test_case_team_pupil_list.TestCase#test_case",
  "time" : {
    "start" : 1618556121218,
    "stop" : 1618556121316,
    "duration" : 98
  },
  "status" : "passed",
  "severity" : "normal"
}, {
  "uid" : "feaf3d9e0a1fb6ac",
  "name" : "scripts.news.shoutu.test_case_team_pupil_list.TestCase#test_case",
  "time" : {
    "start" : 1618556120262,
    "stop" : 1618556120360,
    "duration" : 98
  },
  "status" : "passed",
  "severity" : "normal"
}, {
  "uid" : "fdf3b7e2442db632",
  "name" : "scripts.news.shoutu.test_case_articles.TestCase#test_case",
  "time" : {
    "start" : 1618556103987,
    "stop" : 1618556104086,
    "duration" : 99
  },
  "status" : "passed",
  "severity" : "normal"
}, {
  "uid" : "a53574268b8bd11",
  "name" : "scripts.news.shoutu.test_case_articles_id.TestCase#test_case",
  "time" : {
    "start" : 1618556108688,
    "stop" : 1618556108843,
    "duration" : 155
  },
  "status" : "passed",
  "severity" : "normal"
}, {
  "uid" : "4fa9d8d82b8cebfa",
  "name" : "scripts.news.shoutu.test_case_team_share.TestCase#test_case",
  "time" : {
    "start" : 1618556123030,
    "stop" : 1618556123119,
    "duration" : 89
  },
  "status" : "passed",
  "severity" : "normal"
}, {
  "uid" : "a8c90128846ebcb4",
  "name" : "scripts.news.shoutu.test_case_articles_collect.TestCase#test_case",
  "time" : {
    "start" : 1618556105999,
    "stop" : 1618556106097,
    "duration" : 98
  },
  "status" : "passed",
  "severity" : "normal"
}, {
  "uid" : "7a3d2d4fc1aa2d48",
  "name" : "scripts.news.shoutu.test_case_articles_id.TestCase#test_case",
  "time" : {
    "start" : 1618556108246,
    "stop" : 1618556108342,
    "duration" : 96
  },
  "status" : "passed",
  "severity" : "normal"
}, {
  "uid" : "d7a237cb68328e53",
  "name" : "scripts.news.shoutu.test_case_team_grand_pupilcontribution.TestCase#test_case",
  "time" : {
    "start" : 1618556115238,
    "stop" : 1618556115432,
    "duration" : 194
  },
  "status" : "passed",
  "severity" : "normal"
}, {
  "uid" : "f1675c879370e8ec",
  "name" : "scripts.news.shoutu.test_case_articles_collect.TestCase#test_case",
  "time" : {
    "start" : 1618556106680,
    "stop" : 1618556106769,
    "duration" : 89
  },
  "status" : "passed",
  "severity" : "normal"
}, {
  "uid" : "854f238248c2925e",
  "name" : "scripts.news.shoutu.test_case_articles.TestCase#test_case",
  "time" : {
    "start" : 1618556102433,
    "stop" : 1618556102543,
    "duration" : 110
  },
  "status" : "passed",
  "severity" : "normal"
}, {
  "uid" : "be9f362a80b68ee4",
  "name" : "scripts.news.shoutu.test_case_articles_id.TestCase#test_case",
  "time" : {
    "start" : 1618556109870,
    "stop" : 1618556109968,
    "duration" : 98
  },
  "status" : "passed",
  "severity" : "normal"
}, {
  "uid" : "2b56127cb7b47bfa",
  "name" : "scripts.news.shoutu.test_case_articles_collect.TestCase#test_case",
  "time" : {
    "start" : 1618556105678,
    "stop" : 1618556105784,
    "duration" : 106
  },
  "status" : "passed",
  "severity" : "normal"
}, {
  "uid" : "cf03aa5df29386d3",
  "name" : "scripts.news.shoutu.test_case_articles.TestCase#test_case",
  "time" : {
    "start" : 1618556103285,
    "stop" : 1618556103399,
    "duration" : 114
  },
  "status" : "passed",
  "severity" : "normal"
}, {
  "uid" : "7b4358acf3c3b9d0",
  "name" : "scripts.news.shoutu.test_case_articles.TestCase#test_case",
  "time" : {
    "start" : 1618556101949,
    "stop" : 1618556102062,
    "duration" : 113
  },
  "status" : "passed",
  "severity" : "normal"
}, {
  "uid" : "46696c336a42514d",
  "name" : "scripts.news.shoutu.test_case_articles_id.TestCase#test_case",
  "time" : {
    "start" : 1618556110491,
    "stop" : 1618556110578,
    "duration" : 87
  },
  "status" : "passed",
  "severity" : "normal"
}, {
  "uid" : "bdf5d4490b7fcecd",
  "name" : "scripts.news.shoutu.test_case_pupil_reward_rule.TestCase#test_case",
  "time" : {
    "start" : 1618556112312,
    "stop" : 1618556112400,
    "duration" : 88
  },
  "status" : "passed",
  "severity" : "normal"
}, {
  "uid" : "4bd60cb5e4088eb3",
  "name" : "scripts.news.shoutu.test_case_articles.TestCase#test_case",
  "time" : {
    "start" : 1618556105157,
    "stop" : 1618556105279,
    "duration" : 122
  },
  "status" : "passed",
  "severity" : "normal"
}, {
  "uid" : "99b38752b2111a08",
  "name" : "scripts.news.shoutu.test_case_team_share.TestCase#test_case",
  "time" : {
    "start" : 1618556123359,
    "stop" : 1618556123465,
    "duration" : 106
  },
  "status" : "passed",
  "severity" : "normal"
}, {
  "uid" : "f8708a5e1ef30de2",
  "name" : "scripts.news.shoutu.test_case_articles_id.TestCase#test_case",
  "time" : {
    "start" : 1618556109541,
    "stop" : 1618556109692,
    "duration" : 151
  },
  "status" : "passed",
  "severity" : "normal"
}, {
  "uid" : "9a87cd5e8c8b0456",
  "name" : "scripts.news.shoutu.test_case_articles_collect.TestCase#test_case",
  "time" : {
    "start" : 1618556106107,
    "stop" : 1618556106206,
    "duration" : 99
  },
  "status" : "passed",
  "severity" : "normal"
}, {
  "uid" : "3b090db77bda7fcc",
  "name" : "scripts.news.shoutu.test_case_team_list.TestCase#test_case",
  "time" : {
    "start" : 1618556117142,
    "stop" : 1618556117421,
    "duration" : 279
  },
  "status" : "passed",
  "severity" : "normal"
}, {
  "uid" : "ea94886159ca7c3a",
  "name" : "scripts.news.shoutu.test_case_team_pupil_list.TestCase#test_case",
  "time" : {
    "start" : 1618556118315,
    "stop" : 1618556118435,
    "duration" : 120
  },
  "status" : "passed",
  "severity" : "normal"
}, {
  "uid" : "29c669bf46666efb",
  "name" : "scripts.news.shoutu.test_case_articles.TestCase#test_case",
  "time" : {
    "start" : 1618556103525,
    "stop" : 1618556103637,
    "duration" : 112
  },
  "status" : "passed",
  "severity" : "normal"
}, {
  "uid" : "38851bae68ad2703",
  "name" : "scripts.news.shoutu.test_case_team_share.TestCase#test_case",
  "time" : {
    "start" : 1618556123235,
    "stop" : 1618556123347,
    "duration" : 112
  },
  "status" : "passed",
  "severity" : "normal"
}, {
  "uid" : "318c5c5c17a877b",
  "name" : "scripts.news.shoutu.test_case_team_pupil_list.TestCase#test_case",
  "time" : {
    "start" : 1618556119487,
    "stop" : 1618556119596,
    "duration" : 109
  },
  "status" : "passed",
  "severity" : "normal"
}, {
  "uid" : "729d96855a53151e",
  "name" : "scripts.news.shoutu.test_case_articles.TestCase#test_case",
  "time" : {
    "start" : 1618556103162,
    "stop" : 1618556103274,
    "duration" : 112
  },
  "status" : "passed",
  "severity" : "normal"
}, {
  "uid" : "efba2f46a1d9a5d2",
  "name" : "scripts.news.shoutu.test_case_articles.TestCase#test_case",
  "time" : {
    "start" : 1618556104097,
    "stop" : 1618556104193,
    "duration" : 96
  },
  "status" : "passed",
  "severity" : "normal"
}, {
  "uid" : "b04eb6c6d4102079",
  "name" : "scripts.news.shoutu.test_case_team_pupilcontribution.TestCase#test_case",
  "time" : {
    "start" : 1618556122694,
    "stop" : 1618556122789,
    "duration" : 95
  },
  "status" : "passed",
  "severity" : "normal"
}, {
  "uid" : "5ac55f80a3f850c2",
  "name" : "scripts.news.shoutu.test_case_articles_collect.TestCase#test_case",
  "time" : {
    "start" : 1618556107116,
    "stop" : 1618556107204,
    "duration" : 88
  },
  "status" : "passed",
  "severity" : "normal"
}, {
  "uid" : "b819e03b663bf834",
  "name" : "scripts.news.shoutu.test_case_team_pupil_list.TestCase#test_case",
  "time" : {
    "start" : 1618556119605,
    "stop" : 1618556119726,
    "duration" : 121
  },
  "status" : "passed",
  "severity" : "normal"
}, {
  "uid" : "11952f9d674e9978",
  "name" : "scripts.news.shoutu.test_case_categories.TestCase#test_case",
  "time" : {
    "start" : 1618556110695,
    "stop" : 1618556110801,
    "duration" : 106
  },
  "status" : "passed",
  "severity" : "normal"
} ]